timestamp,state,face_detected,face_center_x,face_center_y,face_top_x,face_top_y,face_bottom_x,face_bottom_y,face_left_x,face_left_y,face_right_x,face_right_y,left_eye_inner_x,left_eye_inner_y,left_eye_outer_x,left_eye_outer_y,left_eye_top_x,left_eye_top_y,left_eye_bottom_x,left_eye_bottom_y,right_eye_inner_x,right_eye_inner_y,right_eye_outer_x,right_eye_outer_y,right_eye_top_x,right_eye_top_y,right_eye_bottom_x,right_eye_bottom_y,mouth_left_x,mouth_left_y,mouth_right_x,mouth_right_y,mouth_top_x,mouth_top_y,mouth_bottom_x,mouth_bottom_y,mouth_center_x,mouth_center_y,left_hand_detected,left_hand_x,left_hand_y,right_hand_detected,right_hand_x,right_hand_y,yawn_duration,thinking_duration
True,174,81,170,77,138,67,142,87,253,81,317,78,290,67,285,88,152,234,263,237,207,235,207,238,215,-33,206,326,68,113,364,117,216,146,207,236,False,False,0,0,2025-05-02 11:03:16.018998,4
True,174,80,170,77,139,67,143,87,253,81,317,78,290,67,285,88,151,233,263,236,206,236,206,237,216,-33,205,326,69,113,364,117,216,146,207,236,False,False,0,0,2025-05-02 11:03:16.125776,4
True,174,80,171,76,139,66,143,86,253,80,317,77,290,67,285,87,151,234,263,237,206,236,206,237,216,-34,205,326,70,113,364,117,217,146,207,236,False,False,0,0,2025-05-02 11:03:16.230869,4
True,174,80,170,77,139,67,142,87,253,81,317,78,290,67,285,88,151,234,263,237,206,236,206,237,215,-33,206,326,69,114,364,117,216,146,207,236,False,False,0,0,2025-05-02 11:03:16.338065,4
True,174,80,170,76,139,67,142,87,253,80,317,77,290,67,285,87,150,233,263,237,206,235,206,237,215,-34,206,326,69,114,365,117,217,146,206,236,False,False,0,0,2025-05-02 11:03:16.443789,4
True,174,80,170,77,139,67,142,87,252,81,316,78,289,67,284,88,151,233,262,237,206,235,206,236,215,-32,206,325,69,114,364,118,216,146,206,235,False,False,0,0,2025-05-02 11:03:16.547485,4
True,173,80,170,76,139,67,142,86,252,81,315,79,288,68,283,88,148,231,260,236,203,234,203,235,215,-33,203,323,68,112,364,119,216,145,204,234,False,False,0,0,2025-05-02 11:03:16.656218,4
True,171,80,168,76,137,66,140,86,250,82,313,80,287,69,282,89,147,230,258,235,201,232,201,234,214,-32,200,322,66,112,362,120,214,145,202,233,False,False,0,0,2025-05-02 11:03:16.760007,4
True,170,79,167,75,135,65,139,85,249,80,312,78,285,67,280,87,146,230,257,235,201,232,201,234,212,-33,200,322,66,111,360,118,213,144,201,233,False,False,0,0,2025-05-02 11:03:16.866989,4
True,169,79,165,75,134,63,137,84,248,80,311,77,284,66,280,87,145,230,256,235,200,232,199,233,211,-35,199,321,64,111,360,119,212,143,200,232,False,False,0,0,2025-05-02 11:03:16.973516,4
True,169,77,165,73,133,61,137,82,248,79,312,77,285,66,279,86,141,223,262,229,200,230,200,230,211,-37,198,318,64,106,359,116,211,140,201,230,False,False,0,0,2025-05-02 11:03:17.079153,4
True,169,75,165,71,134,61,138,80,248,77,311,76,284,65,279,84,141,218,262,223,201,223,200,224,211,-35,199,313,64,105,360,114,212,139,201,223,False,False,0,0,2025-05-02 11:03:17.186490,4
True,169,73,166,70,135,61,139,78,249,76,311,75,284,66,279,82,144,216,259,220,202,218,201,220,214,-35,198,309,63,103,359,113,211,137,201,219,False,False,0,0,2025-05-02 11:03:17.292489,4
True,168,74,164,70,134,62,138,78,247,76,308,76,282,66,277,82,145,217,257,221,200,219,200,221,212,-36,197,310,64,104,357,114,210,137,201,220,False,False,0,0,2025-05-02 11:03:17.397965,4
True,169,74,166,70,135,61,139,79,249,75,312,74,285,64,280,82,146,218,260,221,203,220,202,221,212,-36,201,310,64,105,360,112,212,137,203,220,False,False,0,0,2025-05-02 11:03:17.505779,4
True,173,73,169,69,138,57,142,78,251,74,314,72,287,60,283,81,149,218,263,221,206,219,205,220,215,-40,203,309,67,105,361,112,214,134,206,219,False,False,0,0,2025-05-02 11:03:17.611682,4
True,175,70,171,66,140,55,144,75,253,72,315,71,289,60,285,79,150,216,262,221,206,218,206,219,218,-43,203,309,66,101,362,112,214,133,206,218,False,False,0,0,2025-05-02 11:03:17.716537,4
True,172,70,169,66,138,55,141,75,251,74,314,74,287,62,282,82,146,218,257,225,201,221,201,222,217,-41,198,311,66,100,361,116,213,135,201,221,False,False,0,0,2025-05-02 11:03:17.824604,4
True,171,70,168,66,137,54,140,74,250,73,313,72,286,60,282,81,147,218,254,225,200,219,200,223,216,-44,197,310,64,100,359,114,211,133,200,221,False,False,0,0,2025-05-02 11:03:17.944456,4
True,173,66,170,62,139,51,142,72,252,69,314,67,287,56,283,77,149,215,257,221,203,215,202,218,217,-48,200,307,66,99,360,110,213,129,203,216,True,False,437,327,0,0,2025-05-02 11:03:18.079445,4
True,175,66,172,62,142,50,144,71,254,69,316,68,290,56,286,77,151,215,258,222,204,214,203,218,220,-47,201,308,69,99,362,112,215,130,204,216,True,False,451,322,0,0,2025-05-02 11:03:18.218438,4
True,176,65,173,61,143,50,145,70,255,68,317,67,290,55,286,76,152,216,257,223,204,215,203,219,220,-47,201,309,71,99,365,112,218,131,204,217,True,False,454,310,0,0,2025-05-02 11:03:18.355856,4
True,176,66,173,62,142,50,145,70,255,69,317,69,291,57,286,77,154,216,258,223,205,215,205,219,220,-47,203,304,70,95,365,110,217,128,206,217,True,False,461,307,0,0,2025-05-02 11:03:18.490693,4
True,177,66,173,62,143,49,145,71,255,70,317,69,291,56,287,78,155,218,260,225,207,217,207,221,220,-45,206,303,71,94,364,109,217,129,207,219,True,False,464,306,0,0,2025-05-02 11:03:18.627359,4
True,178,68,175,64,145,50,147,72,258,73,320,73,294,60,289,82,159,220,261,227,210,218,210,222,224,-43,207,304,72,94,363,112,217,130,210,220,True,False,463,304,0,0,2025-05-02 11:03:18.764285,4
True,180,70,176,66,146,52,148,74,259,75,321,75,295,62,290,84,160,222,261,230,210,221,210,225,225,-40,207,305,74,95,365,114,219,132,210,223,True,False,468,318,0,0,2025-05-02 11:03:18.904717,4
True,179,71,176,67,145,54,148,76,259,77,321,78,295,65,290,86,159,225,261,233,209,224,209,227,225,-38,206,307,74,96,366,117,220,134,210,225,True,False,470,321,0,0,2025-05-02 11:03:19.041247,4
True,179,74,176,70,146,57,148,78,259,80,321,81,295,69,290,89,159,227,260,236,209,227,209,230,226,-35,205,311,75,98,366,121,220,138,209,228,True,False,474,330,0,0,2025-05-02 11:03:19.177031,4
True,180,76,177,72,146,59,149,80,259,82,322,83,296,70,291,91,158,229,261,238,209,229,209,232,226,-33,206,314,75,101,368,123,221,140,209,230,True,False,474,337,0,0,2025-05-02 11:03:19.311843,4
True,180,79,177,75,147,62,149,83,259,86,322,87,296,74,290,95,159,234,262,242,209,233,209,237,226,-31,206,318,79,104,370,126,224,143,210,235,True,False,474,340,0,0,2025-05-02 11:03:19.447780,4
True,181,84,178,80,149,68,151,88,259,90,321,91,295,79,290,99,162,236,261,245,209,236,209,240,225,-26,209,321,83,108,371,130,227,147,211,238,True,False,474,344,0,0,2025-05-02 11:03:19.586990,4
True,184,87,181,83,152,72,155,91,262,92,323,93,297,81,292,100,167,236,265,243,214,235,214,239,226,-20,214,318,86,111,372,129,229,149,216,237,True,False,474,342,0,0,2025-05-02 11:03:19.723901,4
True,189,86,186,82,157,71,160,90,265,91,324,91,299,81,294,99,173,232,269,240,219,232,219,235,231,-19,219,310,93,107,370,125,231,145,221,233,True,False,474,337,0,0,2025-05-02 11:03:19.861743,4
True,192,85,189,81,160,70,163,89,266,90,325,89,300,78,295,98,176,229,269,236,221,228,221,233,232,-17,221,304,98,105,372,122,235,143,222,230,True,False,471,332,0,0,2025-05-02 11:03:20.000888,4
True,191,89,188,85,160,73,162,93,263,94,322,94,298,83,293,102,175,231,267,238,219,230,219,236,230,-10,220,306,100,109,369,127,234,148,221,233,True,False,467,336,0,0,2025-05-02 11:03:20.139106,4
True,187,96,184,92,156,80,159,100,256,99,314,98,290,86,285,107,171,232,260,240,212,232,212,238,221,-3,216,309,102,117,365,131,233,153,215,235,True,False,466,344,0,0,2025-05-02 11:03:20.274725,4
True,189,102,186,98,159,86,161,106,257,107,313,106,290,95,285,114,172,239,263,245,214,238,214,244,224,5,217,312,106,122,363,138,234,158,217,241,True,False,461,348,0,0,2025-05-02 11:03:20.411211,4
True,191,112,188,108,162,95,164,115,258,117,314,117,291,106,286,125,174,243,261,253,214,244,214,251,228,16,216,320,108,128,363,149,235,168,217,247,True,False,463,362,0,0,2025-05-02 11:03:20.547503,4
True,195,116,193,112,166,101,168,121,262,120,318,119,295,108,290,128,179,248,265,255,219,248,219,254,230,20,222,322,115,136,366,151,240,171,222,251,True,False,465,365,0,0,2025-05-02 11:03:20.687085,4
True,200,118,197,114,172,105,174,122,266,121,320,121,297,111,292,129,183,249,268,255,223,248,223,253,235,25,224,322,120,138,365,152,242,173,225,250,True,False,468,366,0,0,2025-05-02 11:03:20.822702,4
True,203,122,200,119,174,110,177,127,269,124,322,123,299,114,295,131,189,255,272,259,228,252,228,259,236,30,230,326,122,143,367,153,244,178,230,255,True,False,471,366,0,0,2025-05-02 11:03:20.958448,4
True,206,123,203,120,178,111,180,128,271,126,324,124,301,115,297,133,192,254,274,260,230,252,230,260,237,31,235,324,128,144,372,154,250,177,233,256,True,False,474,358,0,0,2025-05-02 11:03:21.095123,4
True,210,127,207,123,182,112,184,131,274,130,328,128,306,118,301,137,196,254,279,260,234,254,235,258,242,34,238,321,132,145,375,158,253,177,237,256,True,False,471,350,0,0,2025-05-02 11:03:21.247378,4
True,214,125,211,122,187,112,189,128,278,129,330,128,308,118,304,135,197,251,280,258,236,251,236,255,249,32,238,320,134,146,375,160,254,176,238,253,True,False,477,348,0,0,2025-05-02 11:03:21.390716,4
True,216,125,213,122,188,112,191,129,281,129,333,128,311,118,307,135,200,250,282,257,239,250,239,254,250,33,240,320,134,146,376,160,255,176,241,252,True,False,480,346,0,0,2025-05-02 11:03:21.526322,4
True,217,129,214,125,190,115,192,132,281,132,333,131,311,121,307,138,201,254,284,260,240,254,240,257,251,38,241,322,135,150,376,163,255,180,242,255,True,False,481,345,0,0,2025-05-02 11:03:21.660904,4
True,216,133,214,130,189,119,191,137,280,137,331,136,310,126,305,144,201,257,281,263,239,256,239,260,250,43,239,324,137,153,375,168,256,183,241,258,True,False,488,343,0,0,2025-05-02 11:03:21.795756,4
True,216,137,213,134,189,123,191,141,278,141,329,140,307,130,303,147,200,259,280,265,238,259,238,262,249,48,239,325,139,156,372,171,255,186,240,260,True,False,507,352,0,0,2025-05-02 11:03:21.934524,4
True,217,141,215,137,191,126,193,144,279,144,330,143,309,133,304,151,202,261,282,267,239,261,240,264,250,52,241,325,140,158,373,173,256,188,242,262,True,False,517,361,0,0,2025-05-02 11:03:22.071776,4
True,220,141,217,138,193,128,195,145,281,145,332,144,310,135,306,152,204,262,283,268,241,262,242,265,253,54,243,326,142,159,374,174,258,190,243,263,True,False,523,365,0,0,2025-05-02 11:03:22.209002,4
True,222,142,219,139,196,129,197,145,283,146,333,146,312,137,308,152,206,262,283,269,242,261,242,264,256,55,243,326,143,159,375,176,259,190,244,262,True,False,533,378,0,0,2025-05-02 11:03:22.343500,4
True,223,143,220,139,197,129,198,146,284,147,334,147,313,137,309,154,207,262,285,268,244,261,244,264,257,56,244,326,144,160,374,177,259,191,246,262,True,False,535,380,0,0,2025-05-02 11:03:22.479109,4
True,223,142,220,139,197,128,199,145,284,147,334,147,313,137,309,154,207,262,285,269,244,262,244,265,257,56,244,325,144,159,374,177,259,190,246,263,True,False,536,379,0,0,2025-05-02 11:03:22.613774,4
True,223,143,220,140,197,129,199,146,284,147,333,147,313,138,308,154,207,262,285,269,244,262,244,265,257,56,244,325,144,160,374,177,259,190,246,263,True,False,536,378,0,0,2025-05-02 11:03:22.751293,4
True,222,143,220,140,196,130,198,146,283,147,333,147,312,137,308,154,207,262,284,268,244,262,244,265,256,57,244,325,145,161,374,176,259,191,245,263,True,False,535,376,0,0,2025-05-02 11:03:22.889489,4
True,222,142,220,139,196,129,198,145,284,146,333,146,312,136,308,152,207,262,284,268,244,261,244,263,256,56,243,324,144,160,373,176,258,190,245,262,True,False,531,364,0,0,2025-05-02 11:03:23.025231,4
True,222,141,219,138,196,128,198,145,283,145,333,145,312,136,308,152,209,263,286,268,245,261,245,266,255,56,246,325,143,159,373,174,258,190,247,263,True,False,526,358,0,0,2025-05-02 11:03:23.159873,4
True,222,142,219,139,195,128,197,145,283,146,332,146,311,137,307,153,208,261,285,268,244,261,244,265,254,57,245,322,145,157,374,173,259,189,246,263,True,True,200,306,527,362,0,0,2025-05-02 11:03:23.324883,4
True,220,142,218,139,194,129,196,146,281,146,330,146,310,136,306,153,206,262,283,267,242,261,243,265,253,56,244,325,144,160,372,175,258,190,244,263,True,True,184,313,527,362,0,0,2025-05-02 11:03:23.455785,4
True,219,142,216,139,193,129,194,146,279,146,329,145,308,135,304,152,205,261,281,267,241,260,241,264,251,56,242,324,142,160,371,174,256,190,243,262,True,True,177,323,524,364,0,0,2025-05-02 11:03:23.588448,4
True,216,142,213,139,190,128,191,146,276,146,326,144,305,134,301,152,202,260,278,266,238,259,238,262,247,56,239,323,141,161,368,174,254,189,240,260,True,True,173,327,524,364,0,0,2025-05-02 11:03:23.724164,4
True,215,142,213,139,189,129,191,146,275,146,325,144,304,135,300,152,202,260,279,265,238,259,238,262,247,57,240,321,140,161,367,173,253,189,240,260,True,True,173,334,522,368,0,0,2025-05-02 11:03:23.859362,4
True,217,142,214,139,191,129,193,146,277,145,326,144,305,134,301,151,203,261,280,266,240,259,240,262,248,57,241,321,141,161,367,173,254,189,241,260,True,True,175,336,522,367,0,0,2025-05-02 11:03:23.992788,4
True,217,142,215,138,191,128,193,145,278,145,327,143,306,134,302,151,203,261,281,265,240,260,240,262,249,57,242,322,143,161,369,173,256,189,242,261,True,True,173,332,521,366,0,0,2025-05-02 11:03:24.126333,4
True,218,142,215,139,191,128,193,146,278,145,327,144,307,134,303,152,204,261,281,266,240,260,241,262,249,57,242,321,142,161,368,173,255,189,242,261,True,True,171,331,521,366,0,0,2025-05-02 11:03:24.257457,4
True,218,142,215,139,192,129,193,146,278,146,327,144,306,135,302,152,204,260,281,265,240,259,240,262,249,57,242,321,143,161,369,173,256,189,242,260,True,True,172,331,522,365,0,0,2025-05-02 11:03:24.391832,4
True,218,142,215,139,192,129,194,146,278,145,327,144,307,134,303,151,205,261,281,265,241,259,241,262,249,57,242,322,143,162,369,174,256,189,243,260,True,True,173,332,519,366,0,0,2025-05-02 11:03:24.527484,4
True,218,142,215,139,192,129,194,146,278,145,327,144,307,134,303,152,204,261,282,266,241,260,241,262,249,57,242,322,143,162,369,173,256,189,243,261,True,True,177,337,518,367,0,0,2025-05-02 11:03:24.660532,4
True,219,143,216,140,193,130,195,146,280,146,329,145,308,136,304,153,205,263,281,268,241,262,241,265,252,57,241,325,142,161,370,174,256,191,243,263,True,True,178,327,514,361,0,0,2025-05-02 11:03:24.792881,4
True,220,143,217,140,194,130,196,146,281,147,330,146,309,137,305,153,205,263,282,269,241,262,241,266,253,58,242,325,143,160,370,175,256,191,243,264,True,True,181,326,515,361,0,0,2025-05-02 11:03:24.928880,4
True,221,143,218,140,195,130,197,147,281,147,330,147,310,138,306,154,206,263,282,269,242,262,242,266,254,58,242,326,143,160,371,175,257,192,244,264,True,True,181,329,516,361,0,0,2025-05-02 11:03:25.063919,4
True,221,143,219,140,195,130,197,146,282,147,331,147,311,138,307,154,207,263,283,269,243,262,243,266,255,58,242,326,142,160,371,176,256,192,245,264,True,True,180,328,516,361,0,0,2025-05-02 11:03:25.197682,4
True,221,143,219,140,195,130,197,146,282,147,331,147,311,138,306,154,207,263,284,269,243,262,243,266,255,58,243,325,143,160,371,176,257,191,245,264,True,True,179,324,518,361,0,0,2025-05-02 11:03:25.330839,4
True,222,143,219,140,196,130,198,147,282,148,331,147,310,138,306,154,207,264,284,270,243,263,244,267,255,59,243,326,143,160,370,176,256,192,245,265,True,True,179,327,518,362,0,0,2025-05-02 11:03:25.465373,4
True,222,144,219,141,196,131,198,147,282,148,331,147,311,138,307,154,207,264,284,270,244,263,244,266,255,59,244,325,143,161,371,176,257,192,245,264,True,True,180,328,518,363,0,0,2025-05-02 11:03:25.599512,4
True,222,144,219,141,196,131,198,147,282,148,331,147,311,138,307,154,207,264,284,269,244,263,244,266,255,59,244,326,143,161,371,175,257,192,245,264,True,True,179,329,518,360,0,0,2025-05-02 11:03:25.734361,4
True,222,144,219,141,196,131,198,147,283,148,331,148,311,139,307,155,207,264,283,269,243,263,243,267,256,59,243,326,143,161,371,177,257,192,245,265,True,True,177,327,517,362,0,0,2025-05-02 11:03:25.871183,4
True,221,143,219,140,195,131,197,147,282,148,331,147,311,138,306,154,207,264,283,270,244,262,244,267,255,59,243,326,142,160,371,176,256,192,245,264,True,True,178,326,519,360,0,0,2025-05-02 11:03:26.008054,4
True,221,142,218,139,195,129,196,145,281,147,330,147,310,138,306,153,205,262,281,269,241,261,241,265,255,57,241,326,141,160,371,177,256,191,243,263,True,True,167,318,519,354,0,0,2025-05-02 11:03:26.142051,4
True,219,142,216,139,193,129,195,144,279,147,328,146,307,138,303,153,204,258,282,266,240,259,240,264,251,57,242,321,142,156,370,173,256,189,243,261,True,True,165,301,523,334,0,0,2025-05-02 11:03:26.273661,4
True,217,141,215,138,192,128,194,143,277,146,325,146,305,137,301,152,204,254,280,262,238,255,239,260,249,57,240,315,144,152,368,170,256,186,242,257,True,True,165,293,525,322,0,0,2025-05-02 11:03:26.425122,4
True,217,141,214,138,191,127,194,143,277,146,325,145,305,137,301,152,205,255,281,262,240,257,241,261,249,57,242,316,143,152,366,170,254,186,243,259,True,True,161,304,527,322,0,0,2025-05-02 11:03:26.556334,4
True,218,141,215,138,192,128,194,144,278,146,327,146,307,137,303,153,208,259,283,265,243,259,243,265,250,58,245,319,144,154,368,170,256,188,245,262,True,True,164,306,526,325,0,0,2025-05-02 11:03:26.688978,4
True,218,143,216,140,193,129,194,146,279,147,328,146,308,137,304,154,207,261,284,267,243,260,243,266,250,58,245,322,144,159,370,174,257,190,245,263,True,True,166,305,528,328,0,0,2025-05-02 11:03:26.821683,4
True,220,143,217,140,194,130,195,147,280,148,329,147,308,138,304,154,207,262,283,268,243,261,243,266,252,59,245,323,143,160,370,175,256,191,245,263,True,True,165,309,525,331,0,0,2025-05-02 11:03:26.953746,4
True,221,142,218,139,194,128,196,145,281,146,330,146,309,137,305,153,207,261,283,268,243,261,243,266,254,57,244,323,142,158,370,174,256,190,245,263,True,True,165,309,525,331,0,0,2025-05-02 11:03:27.087441,4
True,221,142,219,139,195,128,197,145,282,146,331,145,310,136,306,152,208,261,284,268,244,260,244,265,254,57,245,323,142,159,371,174,256,190,246,262,True,True,164,312,523,331,0,0,2025-05-02 11:03:27.220028,4
True,221,142,219,139,195,129,197,145,282,146,331,145,310,136,306,152,208,262,284,268,244,260,244,265,254,57,245,324,142,159,371,174,256,190,246,262,True,True,161,311,523,332,0,0,2025-05-02 11:03:27.355936,4
True,222,142,219,139,196,129,197,145,283,147,332,146,311,137,307,153,208,262,285,268,245,260,245,266,255,57,245,324,142,159,372,175,257,190,246,263,True,True,160,315,520,332,0,0,2025-05-02 11:03:27.487360,4
True,222,142,220,139,196,128,198,145,283,146,332,146,311,137,307,153,209,261,284,268,245,260,245,265,256,56,245,324,143,158,371,174,257,190,246,262,True,True,163,312,523,333,0,0,2025-05-02 11:03:27.627983,4
True,222,141,220,138,196,128,198,144,283,146,332,146,311,137,307,152,208,261,285,268,245,260,245,265,256,57,245,324,143,158,372,174,257,190,246,262,True,True,161,315,522,332,0,0,2025-05-02 11:03:27.763016,4
True,221,141,219,138,195,128,197,144,282,146,331,145,310,136,306,152,207,260,283,267,243,259,243,264,255,56,244,323,142,158,371,174,256,189,245,261,True,True,158,313,521,331,0,0,2025-05-02 11:03:27.896187,4
True,220,141,218,138,195,128,196,144,282,146,330,145,310,136,306,152,207,260,284,267,243,259,244,263,254,56,244,323,142,159,370,175,256,189,245,261,True,True,157,315,521,330,0,0,2025-05-02 11:03:28.029896,4
True,219,141,217,138,193,128,195,144,281,146,330,145,309,136,305,152,206,260,283,267,243,259,243,264,253,56,243,323,141,159,370,174,255,189,244,261,True,True,158,316,521,331,0,0,2025-05-02 11:03:28.162688,4
True,220,141,217,138,194,128,195,144,281,145,330,145,309,136,305,152,206,260,283,266,243,258,243,263,253,56,243,322,141,159,369,174,255,189,244,260,True,True,156,316,520,330,0,0,2025-05-02 11:03:28.294675,4
True,220,141,217,138,194,128,195,144,281,145,330,145,309,136,305,152,206,260,283,267,243,258,243,263,253,56,244,323,141,159,370,174,255,189,244,260,True,True,155,319,521,329,0,0,2025-05-02 11:03:28.426915,4
True,219,140,217,137,194,127,196,143,280,144,329,144,308,135,305,151,207,260,283,266,243,258,243,263,252,55,244,322,140,158,369,173,254,188,245,260,True,True,154,318,520,330,0,0,2025-05-02 11:03:28.557506,4
True,219,140,217,137,193,127,195,143,280,144,329,144,308,135,305,150,206,260,282,266,242,258,242,263,252,55,243,323,141,159,369,173,255,189,244,260,True,True,156,318,519,330,0,0,2025-05-02 11:03:28.689652,4
True,219,140,217,137,193,127,195,143,280,144,329,144,308,135,304,151,206,260,281,266,242,258,242,263,252,56,243,323,140,158,370,173,255,189,243,260,True,True,154,320,519,334,0,0,2025-05-02 11:03:28.822292,4
True,219,141,216,138,193,128,195,144,280,145,329,144,308,135,305,151,206,260,282,267,242,259,242,264,252,56,243,323,141,159,370,173,255,189,244,261,True,True,154,319,518,334,0,0,2025-05-02 11:03:28.955907,4
True,189,135,186,132,163,124,166,140,247,136,294,133,274,125,271,141,178,252,254,255,215,250,215,251,218,46,217,320,108,162,334,164,221,183,216,250,False,False,0,0,2025-05-02 11:05:40.951055,1
True,190,135,187,132,164,124,166,140,249,136,296,133,275,125,273,141,178,252,255,255,216,250,216,251,219,46,218,319,109,162,334,165,221,182,216,250,False,False,0,0,2025-05-02 11:05:41.058254,1
True,192,135,189,132,166,122,168,139,251,136,298,133,277,124,275,141,182,252,258,254,219,249,220,250,222,45,221,318,111,162,334,165,222,181,220,249,False,False,0,0,2025-05-02 11:05:41.162946,1
True,197,134,194,131,172,122,173,139,255,135,301,133,281,124,279,140,187,252,263,254,225,249,225,250,227,45,225,318,115,162,336,165,225,181,225,249,False,False,0,0,2025-05-02 11:05:41.269936,1
True,210,134,207,131,184,122,186,139,267,134,312,131,293,122,291,139,203,255,278,253,242,250,242,250,240,43,239,316,119,163,339,162,229,179,240,250,False,False,0,0,2025-05-02 11:05:41.378715,1
True,222,134,219,131,195,122,198,140,281,133,323,128,305,120,304,138,216,254,292,251,258,248,258,250,254,43,252,315,125,164,342,160,233,179,254,249,False,False,0,0,2025-05-02 11:05:41.487423,1
True,234,134,231,131,207,121,210,140,291,134,332,129,315,120,313,138,231,254,302,250,272,247,272,249,268,43,263,313,128,162,344,158,236,178,266,248,False,False,0,0,2025-05-02 11:05:41.594138,1
True,244,135,242,131,217,121,220,140,300,134,339,130,323,121,321,139,239,255,311,250,282,248,282,250,279,44,271,313,132,163,346,160,239,178,275,249,False,False,0,0,2025-05-02 11:05:41.698910,1
True,250,135,247,132,224,122,226,140,305,135,343,131,327,123,326,140,247,254,317,250,289,247,289,249,284,46,276,314,135,163,349,162,242,180,282,248,False,False,0,0,2025-05-02 11:05:41.840537,1
True,256,136,254,133,230,123,233,141,310,137,347,133,332,124,331,142,255,255,324,250,298,248,298,250,290,48,284,313,137,164,349,162,243,180,289,249,False,False,0,0,2025-05-02 11:05:41.955234,1
True,260,137,257,134,233,124,237,143,312,137,349,132,335,124,333,142,259,255,327,250,302,249,302,251,292,49,288,314,139,166,349,162,244,181,293,250,False,False,0,0,2025-05-02 11:05:42.059981,1
True,262,138,259,134,235,124,239,143,314,138,350,133,336,124,334,142,261,256,330,251,304,250,305,251,294,50,290,314,140,166,349,162,244,182,295,250,False,False,0,0,2025-05-02 11:05:42.164719,1
True,263,138,261,135,237,124,240,143,314,138,350,133,336,124,335,143,262,256,331,251,306,250,306,252,295,50,292,314,140,166,347,162,243,182,296,251,False,False,0,0,2025-05-02 11:05:42.273175,1
True,263,138,261,135,237,124,241,143,314,137,350,132,336,124,335,142,263,256,332,251,307,250,307,252,294,50,293,314,141,166,346,162,243,182,297,251,False,False,0,0,2025-05-02 11:05:42.393843,1
True,264,138,262,135,238,124,242,143,315,138,350,133,336,124,335,143,265,256,332,251,308,249,308,251,296,51,294,314,140,167,345,163,242,182,298,250,False,False,0,0,2025-05-02 11:05:42.499534,1
True,265,139,263,136,239,126,242,144,316,138,352,133,338,125,337,142,266,257,333,251,309,250,310,252,297,51,295,314,141,167,347,161,244,182,299,251,False,False,0,0,2025-05-02 11:05:42.605956,1
True,265,141,262,138,240,129,242,146,315,141,350,138,337,130,335,146,266,257,333,252,309,250,309,252,296,55,294,314,142,170,345,168,243,184,299,251,False,False,0,0,2025-05-02 11:05:42.711894,1
True,267,144,265,141,243,133,246,149,317,144,350,141,337,134,335,150,267,257,332,253,308,250,308,252,298,59,294,315,145,172,345,172,245,187,299,251,False,False,0,0,2025-05-02 11:05:42.815554,1
True,265,141,262,138,240,129,242,146,316,142,351,138,337,130,336,147,265,257,332,253,308,250,308,252,298,56,293,315,142,169,346,168,244,185,298,251,False,False,0,0,2025-05-02 11:05:42.924301,1
True,264,140,262,137,239,127,242,145,315,141,350,137,337,128,335,146,265,257,332,252,308,250,308,252,296,54,293,315,141,169,346,167,243,184,298,251,False,False,0,0,2025-05-02 11:05:43.027031,1
True,264,140,261,136,238,126,241,145,315,139,350,134,336,125,335,144,265,257,332,251,308,250,308,252,295,52,294,314,140,169,345,163,242,183,298,251,False,False,0,0,2025-05-02 11:05:43.134863,1
True,264,139,261,136,238,125,241,144,315,138,350,133,336,125,335,143,265,257,332,251,308,250,308,252,295,52,294,314,140,168,346,163,243,183,298,251,False,False,0,0,2025-05-02 11:05:43.241732,1
True,263,139,261,136,237,126,241,145,314,139,349,133,336,125,334,143,265,257,332,251,308,250,308,252,294,52,294,314,140,169,344,163,242,183,298,251,False,False,0,0,2025-05-02 11:05:43.346369,1
True,265,138,263,135,239,125,243,143,316,138,352,133,338,124,337,142,268,256,335,250,311,249,311,251,297,52,296,313,141,168,347,162,244,182,301,250,False,False,0,0,2025-05-02 11:05:43.452266,1
True,268,137,266,134,242,123,245,142,319,137,355,133,341,123,340,142,270,255,338,250,313,248,314,250,300,50,299,312,144,168,349,163,246,181,304,249,False,False,0,0,2025-05-02 11:05:43.558209,1
True,279,138,276,135,253,125,256,143,330,138,365,133,352,124,351,143,281,256,349,252,325,250,325,252,310,52,311,316,152,169,359,164,255,184,315,251,False,False,0,0,2025-05-02 11:05:43.664141,1
True,288,142,285,138,261,128,265,147,340,142,376,138,362,129,361,147,288,260,356,257,331,254,331,256,321,55,316,320,161,170,371,168,266,187,322,255,False,False,0,0,2025-05-02 11:05:43.770184,1
True,298,144,296,140,273,129,275,148,350,145,386,142,372,133,370,150,295,262,363,260,338,256,338,258,334,57,321,322,172,169,382,172,277,189,329,257,False,True,443,283,0,0,2025-05-02 11:05:43.907874,1
True,316,144,314,141,291,130,294,147,367,148,401,146,389,136,386,153,311,263,381,263,357,259,357,260,352,60,340,324,184,169,389,177,286,192,346,259,False,True,426,285,0,0,2025-05-02 11:05:44.043703,1
True,336,151,334,148,312,135,313,153,387,157,420,157,409,148,406,164,325,270,397,274,373,269,373,269,377,68,351,332,200,168,405,187,302,200,361,269,False,True,431,303,0,0,2025-05-02 11:05:44.180375,1
True,358,161,356,158,335,144,335,162,409,171,442,172,431,162,427,178,342,279,410,286,387,280,387,281,404,80,361,341,221,171,426,201,323,210,376,280,False,True,438,309,0,0,2025-05-02 11:05:44.319565,1
True,372,174,371,170,350,157,350,174,422,183,455,186,444,176,439,191,349,291,417,298,395,295,395,295,423,94,366,354,239,175,439,210,339,224,383,295,False,True,447,307,0,0,2025-05-02 11:05:44.456037,1
True,379,190,377,187,355,173,357,191,432,200,468,202,456,193,450,207,349,308,424,314,398,314,398,316,434,112,368,369,249,182,455,217,352,240,386,315,False,True,455,290,0,0,2025-05-02 11:05:44.592083,1
True,379,198,377,195,354,183,356,198,432,207,469,208,456,202,449,214,344,311,421,318,392,319,393,320,436,119,363,374,249,187,460,223,354,246,382,319,False,True,449,298,0,0,2025-05-02 11:05:44.725984,1
True,376,197,374,194,350,181,353,197,430,205,468,206,454,199,448,212,341,311,419,316,389,318,390,319,432,120,362,375,248,189,461,222,354,247,380,318,False,True,446,297,0,0,2025-05-02 11:05:44.862676,1
True,369,192,367,189,343,175,345,192,423,201,461,201,448,193,441,208,334,308,411,314,382,315,383,316,425,113,355,371,242,184,453,218,347,242,372,315,False,True,440,282,0,0,2025-05-02 11:05:44.997482,1
True,338,176,336,173,313,159,314,177,394,186,435,189,420,179,415,195,309,296,383,305,354,299,355,299,390,91,331,358,222,178,436,214,329,224,346,299,False,True,445,300,0,0,2025-05-02 11:05:45.145771,1
True,316,167,314,163,292,149,292,168,374,176,415,178,399,168,394,184,294,288,366,295,337,289,337,289,366,81,317,351,206,173,421,206,313,216,330,289,False,True,440,298,0,0,2025-05-02 11:05:45.277416,1
True,304,162,302,159,280,145,280,164,363,171,405,173,389,163,384,179,284,284,358,290,327,284,327,285,352,75,309,349,197,173,415,203,306,212,321,284,False,True,426,308,0,0,2025-05-02 11:05:45.408131,1
True,303,161,300,157,277,145,278,163,363,168,405,169,388,158,384,175,283,281,356,286,326,280,326,282,349,73,308,345,195,173,413,198,304,209,319,281,False,True,418,309,0,0,2025-05-02 11:05:45.538688,1
True,307,161,305,158,281,145,282,163,367,169,408,170,392,159,388,176,287,281,361,286,331,281,331,282,355,74,312,345,197,172,414,197,305,209,324,281,False,True,412,306,0,0,2025-05-02 11:05:45.688069,1
True,308,162,305,159,282,145,283,164,367,170,408,171,392,161,388,178,287,283,361,288,330,283,330,284,356,74,311,346,197,172,415,200,306,210,324,283,False,True,412,309,0,0,2025-05-02 11:05:45.825512,1
True,306,163,304,159,281,146,282,164,366,171,408,172,392,162,387,179,285,284,359,289,329,284,329,285,356,76,309,348,197,171,415,200,306,212,322,284,False,True,411,306,0,0,2025-05-02 11:05:45.957292,1
True,305,163,303,159,279,145,280,164,365,171,408,173,391,162,387,179,284,284,359,289,328,284,328,285,354,75,309,348,195,173,415,202,305,211,321,284,False,True,410,307,0,0,2025-05-02 11:05:46.089495,1
True,304,161,301,158,279,145,279,163,363,170,404,172,388,162,384,178,284,282,357,288,327,282,327,284,352,75,308,347,196,172,412,201,304,211,320,283,False,True,411,306,0,0,2025-05-02 11:05:46.222268,1
True,300,161,298,157,276,145,276,163,359,169,401,170,384,160,381,176,280,281,354,287,323,281,323,282,347,73,306,346,195,174,409,201,302,209,317,281,False,True,411,306,0,0,2025-05-02 11:05:46.352863,1
True,294,157,292,153,269,140,269,159,352,164,395,165,378,155,374,172,274,277,349,283,317,277,317,278,338,69,302,342,190,172,409,197,299,205,311,277,False,True,411,307,0,0,2025-05-02 11:05:46.487326,1
True,275,151,273,148,250,137,250,154,335,157,379,157,361,148,358,164,259,272,333,276,299,269,299,271,315,60,289,338,179,171,403,191,291,199,296,270,False,True,421,303,0,0,2025-05-02 11:05:46.620144,1
True,252,145,250,142,226,133,228,149,314,147,360,145,340,136,337,152,241,265,317,267,281,262,281,264,286,53,277,331,160,169,389,176,274,192,279,263,False,True,428,297,0,0,2025-05-02 11:05:46.752992,1
True,233,141,230,138,206,129,208,146,294,141,341,137,321,129,318,145,225,261,301,261,263,257,264,259,263,48,264,327,144,168,376,168,260,187,263,258,False,True,445,302,0,0,2025-05-02 11:05:46.889082,1
True,221,138,219,135,195,128,197,144,282,137,329,132,308,125,306,141,215,258,291,256,253,253,253,254,249,46,255,323,137,169,367,163,252,184,253,253,False,True,457,318,0,0,2025-05-02 11:05:47.022811,1
True,214,136,211,133,187,126,190,142,273,134,320,129,299,122,298,138,210,257,286,254,247,251,247,252,240,44,251,321,131,168,359,160,245,182,248,251,False,True,458,349,0,0,2025-05-02 11:05:47.159955,1
True,208,135,206,132,182,125,185,141,268,132,314,127,293,120,292,136,207,255,282,251,244,248,244,250,234,43,248,318,127,169,352,158,239,180,244,249,False,False,0,0,2025-05-02 11:05:47.295777,1
True,205,134,203,131,180,125,183,141,264,130,309,124,289,117,288,133,206,254,281,248,243,245,244,247,228,42,249,315,125,172,346,156,235,178,243,246,False,False,0,0,2025-05-02 11:05:47.403705,1
True,204,134,201,131,178,125,181,141,262,130,308,124,287,117,287,133,206,255,280,248,242,246,243,247,227,42,248,315,125,171,347,154,236,178,243,246,False,False,0,0,2025-05-02 11:05:47.509793,1
True,202,136,199,133,175,126,179,143,259,131,305,124,284,117,284,134,204,256,279,248,241,247,242,248,223,44,248,315,121,174,343,154,232,179,241,247,False,False,0,0,2025-05-02 11:05:47.614680,1
True,200,137,197,134,174,127,177,144,258,132,304,125,283,117,283,135,204,256,279,249,241,247,241,249,221,44,248,315,119,174,341,154,230,179,241,248,False,False,0,0,2025-05-02 11:05:47.719735,1
True,199,137,196,134,172,127,176,144,257,132,303,125,282,118,282,135,203,257,278,249,240,248,241,249,220,44,247,316,117,175,340,155,228,180,240,248,False,False,0,0,2025-05-02 11:05:47.827450,1
True,200,137,197,134,173,127,176,144,258,132,303,125,282,118,282,135,203,258,278,250,240,249,241,251,221,45,247,316,118,174,340,154,229,180,240,250,False,False,0,0,2025-05-02 11:05:47.932885,1
True,202,138,199,135,175,128,179,145,260,133,305,127,285,120,284,137,205,258,280,251,242,250,242,252,224,46,248,317,121,174,342,156,231,181,242,251,False,False,0,0,2025-05-02 11:05:48.040986,1
True,204,139,202,136,178,129,181,146,263,135,308,128,287,121,287,138,207,259,282,252,245,251,245,252,226,47,250,318,122,175,344,157,233,182,244,251,False,False,0,0,2025-05-02 11:05:48.145708,1
True,207,140,204,137,180,130,183,147,265,136,311,129,290,122,290,139,209,260,284,253,246,252,247,254,230,48,251,318,124,175,346,158,235,183,246,253,False,False,0,0,2025-05-02 11:05:48.252049,1
True,207,141,205,138,181,131,184,148,266,136,312,130,291,123,290,140,209,261,285,254,247,253,247,255,230,49,252,319,125,176,347,159,236,184,247,254,False,False,0,0,2025-05-02 11:05:48.358830,1
True,207,142,204,139,181,133,184,149,266,137,311,131,290,125,290,140,210,262,285,254,248,253,248,255,230,51,253,320,125,177,347,159,236,185,247,254,False,False,0,0,2025-05-02 11:05:48.463534,1
True,206,144,204,142,181,138,185,152,265,138,309,132,289,127,288,141,211,263,285,255,248,254,248,256,227,52,255,320,125,181,346,158,235,186,248,255,False,False,0,0,2025-05-02 11:05:48.568605,1
True,205,144,202,142,180,139,183,152,263,137,307,130,287,125,286,139,210,263,285,254,248,254,248,256,224,54,255,319,124,183,344,156,234,186,247,255,False,False,0,0,2025-05-02 11:05:48.674276,1
True,204,140,201,137,177,132,181,148,261,133,305,125,285,119,285,135,210,261,284,251,247,251,248,253,222,47,255,316,121,179,342,152,231,181,247,252,False,False,0,0,2025-05-02 11:05:48.779029,1
True,201,139,198,136,175,130,178,147,259,133,304,125,284,118,284,135,208,260,283,250,245,249,246,251,221,46,253,315,119,178,341,153,230,180,245,250,False,False,0,0,2025-05-02 11:05:48.886739,1
True,194,140,191,137,167,133,171,149,252,130,297,120,276,115,277,132,206,260,280,247,243,248,243,250,208,45,254,315,114,183,337,146,225,180,243,249,False,False,0,0,2025-05-02 11:05:48.992839,1
True,185,141,182,139,157,135,163,151,243,129,288,117,266,113,268,129,203,261,278,243,240,248,241,249,195,46,255,313,106,188,329,140,217,179,240,248,False,False,0,0,2025-05-02 11:05:49.097594,1
True,173,145,170,143,146,141,153,156,229,129,272,113,251,110,253,127,201,263,273,239,236,246,237,247,177,51,254,310,97,196,313,133,205,180,237,246,False,False,0,0,2025-05-02 11:05:49.205574,1
True,162,149,158,147,134,146,141,161,217,129,259,112,237,111,240,126,195,266,265,240,228,248,229,250,161,55,248,310,90,202,302,129,196,182,230,249,False,False,0,0,2025-05-02 11:05:49.310904,1
True,152,152,149,150,124,150,132,165,207,130,248,111,227,110,230,126,191,269,260,240,223,250,225,252,146,57,248,309,84,207,292,125,188,183,225,251,False,False,0,0,2025-05-02 11:05:49.416687,1
True,145,159,141,157,117,159,126,173,198,134,239,111,217,112,222,128,192,272,259,240,223,252,224,254,131,64,252,310,81,218,285,122,183,187,225,253,False,False,0,0,2025-05-02 11:05:49.523378,1
True,143,167,139,166,114,170,124,183,194,138,233,112,212,114,217,130,196,277,262,240,227,256,228,258,123,74,259,312,81,230,277,120,179,193,229,257,False,False,0,0,2025-05-02 11:05:49.628133,1
True,140,174,136,173,110,178,122,191,191,142,229,114,207,117,214,133,198,280,262,240,228,258,230,259,117,80,262,312,77,239,271,119,174,196,230,258,False,False,0,0,2025-05-02 11:05:49.733824,1
True,135,178,131,176,105,181,117,194,186,145,223,116,201,119,208,136,194,284,259,243,225,262,226,263,111,84,260,316,75,242,266,120,170,200,226,262,False,False,0,0,2025-05-02 11:05:49.840848,1
True,132,182,128,181,102,186,115,199,183,148,220,117,198,122,205,138,194,286,257,245,223,264,225,265,105,88,260,317,75,246,263,120,169,202,225,264,False,False,0,0,2025-05-02 11:05:49.949073,1
True,134,182,130,180,104,185,117,199,184,148,220,118,199,122,206,138,194,286,258,245,225,264,225,265,107,88,261,318,76,247,264,121,170,203,226,264,False,False,0,0,2025-05-02 11:05:50.055237,1
True,136,180,132,179,106,184,119,197,187,147,224,117,203,121,210,138,196,286,261,245,226,264,227,265,112,87,262,318,77,245,267,121,172,202,228,264,False,False,0,0,2025-05-02 11:05:50.161552,1
True,139,180,135,179,108,184,121,197,190,146,227,116,205,120,212,137,198,286,263,245,228,263,229,264,114,86,264,317,79,245,269,121,174,201,230,263,False,False,0,0,2025-05-02 11:05:50.268382,1
True,140,179,136,177,110,182,122,196,191,146,228,117,207,120,214,137,199,285,264,244,229,263,230,264,117,85,264,317,79,244,270,122,174,201,231,263,False,False,0,0,2025-05-02 11:05:50.374319,1
True,142,178,138,177,112,181,124,195,193,146,230,117,209,121,216,137,200,285,264,245,230,263,231,264,119,84,264,318,80,243,273,122,176,201,232,263,False,False,0,0,2025-05-02 11:05:50.478743,1
True,143,178,139,177,113,181,125,194,194,147,232,119,210,122,217,138,199,286,264,247,230,264,231,266,121,84,263,319,80,241,274,123,177,201,231,265,False,False,0,0,2025-05-02 11:05:50.583180,1
True,143,177,139,176,114,180,125,193,195,146,233,118,212,121,218,137,199,286,265,247,230,265,231,266,122,83,263,320,80,240,275,123,177,201,232,265,False,False,0,0,2025-05-02 11:05:50.690715,1
True,145,178,141,177,115,181,127,194,196,147,235,119,213,122,219,139,200,286,266,247,231,265,232,266,124,83,264,320,82,240,276,124,179,201,233,265,False,False,0,0,2025-05-02 11:05:50.796701,1
True,145,177,141,176,115,180,127,193,197,146,235,119,214,121,220,138,201,286,267,248,232,265,233,266,125,82,264,320,81,239,275,124,178,201,234,265,False,False,0,0,2025-05-02 11:05:50.905064,1
True,145,178,141,176,115,181,127,194,198,146,236,119,214,122,220,138,200,286,267,248,232,266,233,266,125,83,264,320,82,239,277,124,179,201,233,266,False,False,0,0,2025-05-02 11:05:51.010951,1
True,145,178,141,176,115,181,127,194,197,147,236,119,214,122,220,138,200,286,266,248,232,265,232,266,125,83,264,320,82,240,276,124,179,201,233,265,False,False,0,0,2025-05-02 11:05:51.115469,1
True,145,178,141,177,115,181,127,194,196,147,234,119,213,122,219,139,200,286,266,248,232,265,232,266,123,83,264,320,81,240,275,124,178,201,233,265,False,False,0,0,2025-05-02 11:05:51.223038,1
True,144,178,140,177,114,181,126,195,196,147,234,119,212,122,219,139,199,287,265,248,231,266,232,267,123,83,263,320,81,240,275,124,178,201,232,266,False,False,0,0,2025-05-02 11:05:51.328668,1
True,144,178,140,176,114,181,126,194,195,147,233,119,212,122,218,139,199,286,265,248,230,266,231,267,123,84,262,321,81,240,275,124,178,202,232,266,False,False,0,0,2025-05-02 11:05:51.434384,1
True,144,178,140,176,114,180,126,194,195,147,233,120,212,123,218,139,198,287,264,248,229,266,231,267,124,83,261,321,80,241,276,126,178,202,231,266,False,False,0,0,2025-05-02 11:05:51.560259,1
True,144,178,140,176,114,180,126,194,195,148,233,121,212,124,218,140,197,287,264,249,229,266,230,268,124,83,260,321,81,240,276,126,178,202,230,267,False,False,0,0,2025-05-02 11:05:51.664840,1
True,144,178,141,176,115,181,126,194,196,147,235,120,213,123,219,139,198,287,265,249,230,266,230,267,124,83,262,321,82,239,277,126,179,202,231,266,False,False,0,0,2025-05-02 11:05:51.771934,1
True,145,178,141,177,115,181,127,194,197,148,236,121,214,124,220,140,199,287,265,250,230,267,231,268,125,83,261,322,81,239,277,126,179,202,232,267,False,False,0,0,2025-05-02 11:05:51.875849,1
True,146,178,142,177,116,181,128,194,198,148,237,121,215,123,221,140,200,287,266,250,231,266,232,268,126,83,263,322,82,239,277,127,179,202,233,267,False,False,0,0,2025-05-02 11:05:51.979228,1
True,146,177,142,176,116,180,128,193,199,147,238,119,216,122,222,139,200,287,267,250,232,267,233,268,127,82,263,322,82,238,279,124,180,202,233,267,False,False,0,0,2025-05-02 11:05:52.085904,1
True,145,177,141,176,115,180,127,193,198,146,237,119,216,122,221,139,200,287,266,250,231,267,232,268,126,82,263,322,81,238,279,125,180,202,233,267,False,False,0,0,2025-05-02 11:05:52.194642,1
True,145,177,141,176,115,180,127,193,197,147,236,120,215,122,220,139,199,287,265,250,230,267,231,268,126,82,262,322,81,238,279,125,180,202,232,267,False,False,0,0,2025-05-02 11:05:52.298956,1
True,155,173,151,172,124,176,136,189,209,143,248,117,226,119,231,136,208,285,275,248,241,265,242,266,138,77,270,322,86,234,285,123,185,199,241,265,False,False,0,0,2025-05-02 11:05:53.617087,1
True,156,172,152,171,125,174,137,188,209,143,249,116,227,118,232,135,207,284,276,247,241,265,242,265,139,75,270,321,86,232,287,123,186,198,241,265,False,False,0,0,2025-05-02 11:05:53.725372,1
True,155,173,151,172,124,175,136,189,209,144,248,117,226,119,232,136,207,285,275,248,241,265,241,265,138,76,270,322,86,234,286,124,186,199,241,265,False,False,0,0,2025-05-02 11:05:53.830199,1
True,155,174,151,172,123,175,136,190,208,144,247,118,226,119,231,137,207,286,275,248,241,266,241,266,137,77,269,322,86,234,285,124,185,199,241,266,False,False,0,0,2025-05-02 11:05:53.939082,1
True,154,174,150,172,124,176,135,190,208,145,247,119,226,121,231,138,206,286,274,249,240,266,240,266,138,78,268,322,86,234,285,126,185,200,240,266,False,False,0,0,2025-05-02 11:05:54.044088,1
True,154,174,150,172,124,176,135,190,208,144,247,118,226,120,231,137,205,286,274,249,239,266,240,266,138,77,267,323,85,234,285,126,185,200,239,266,False,False,0,0,2025-05-02 11:05:54.148350,1
True,154,174,150,172,123,176,135,190,207,144,247,118,225,120,231,137,206,286,274,249,240,266,240,266,137,77,268,322,85,235,284,125,184,199,240,266,False,False,0,0,2025-05-02 11:05:54.256200,1
True,154,175,150,173,124,177,135,191,208,145,247,119,225,122,231,138,205,286,273,249,239,266,239,267,138,78,267,322,86,235,285,126,185,200,239,266,False,False,0,0,2025-05-02 11:05:54.360634,1
True,154,175,150,173,124,177,135,191,207,145,246,120,225,122,230,138,205,286,273,249,238,266,239,267,137,79,267,322,86,235,285,127,185,200,239,266,False,False,0,0,2025-05-02 11:05:54.467266,1
True,154,175,150,174,124,178,135,191,206,146,246,120,224,123,229,139,205,287,273,250,238,267,239,267,137,80,267,323,87,236,285,127,186,201,239,267,False,False,0,0,2025-05-02 11:05:54.574046,1
True,154,175,150,174,124,177,135,191,206,146,245,121,224,123,229,139,205,287,273,250,238,266,239,267,136,79,267,322,86,236,284,128,185,200,239,266,False,False,0,0,2025-05-02 11:05:54.680578,1
True,153,175,149,174,124,177,135,191,206,146,246,120,224,123,230,139,205,286,273,249,238,266,239,267,137,79,267,322,86,236,284,128,185,200,239,266,False,False,0,0,2025-05-02 11:05:54.811200,1
True,153,175,149,174,123,177,134,191,207,146,246,119,224,122,230,138,205,286,273,249,238,266,239,266,136,79,267,322,86,236,284,127,185,200,239,266,False,False,0,0,2025-05-02 11:05:54.934874,1
True,153,175,150,174,124,177,135,191,206,146,245,120,224,122,229,139,205,286,273,249,238,266,239,266,136,79,267,322,86,236,284,127,185,200,239,266,False,False,0,0,2025-05-02 11:05:55.041809,1
True,153,175,150,174,124,178,135,191,207,145,246,119,224,122,230,138,205,286,273,249,238,266,239,266,136,79,267,321,87,235,284,126,185,200,239,266,False,False,0,0,2025-05-02 11:05:55.147476,1
True,154,175,150,174,124,178,135,191,207,146,246,119,225,122,230,138,205,286,273,249,238,266,239,266,137,79,267,321,87,236,284,127,185,200,239,266,False,False,0,0,2025-05-02 11:05:55.253521,1
True,154,175,150,174,124,178,135,191,207,145,246,120,225,122,230,138,206,286,273,249,239,265,239,266,137,79,268,322,87,236,284,127,185,200,239,265,False,False,0,0,2025-05-02 11:05:55.360182,1
True,154,175,150,174,124,178,135,191,206,146,245,120,224,122,229,138,206,286,273,249,239,265,239,266,136,79,267,322,87,236,284,127,185,200,239,265,False,False,0,0,2025-05-02 11:05:55.464022,1
True,154,175,150,174,124,178,135,191,206,146,245,120,223,123,229,139,206,286,273,248,239,265,239,266,136,80,268,321,87,237,284,127,185,200,239,265,False,False,0,0,2025-05-02 11:05:55.572611,1
True,154,176,150,174,124,178,135,191,206,146,245,120,224,122,229,138,206,286,273,248,239,265,240,266,136,80,268,321,87,237,284,126,185,200,239,265,False,False,0,0,2025-05-02 11:05:55.675246,1
True,154,175,150,174,124,178,135,191,206,146,244,120,223,122,229,138,206,286,273,249,239,266,240,266,136,80,268,321,87,237,283,127,185,200,239,266,False,False,0,0,2025-05-02 11:05:55.784062,1
True,154,175,150,174,124,178,135,191,206,146,245,120,223,122,229,138,206,286,273,248,239,265,240,266,136,80,268,321,87,237,284,127,185,200,239,265,False,False,0,0,2025-05-02 11:05:55.891364,1
True,153,175,149,174,123,178,135,191,206,146,244,119,223,122,229,138,206,286,273,248,239,265,240,266,135,80,268,321,87,237,283,126,185,200,239,265,False,False,0,0,2025-05-02 11:05:55.996321,1
True,154,175,150,174,124,178,135,191,206,146,244,120,223,122,229,138,207,286,274,248,239,265,240,266,135,80,269,321,87,237,283,127,185,200,240,265,False,False,0,0,2025-05-02 11:05:56.102187,1
True,154,176,150,174,124,178,136,191,207,146,245,120,224,122,230,139,206,286,273,248,239,265,240,266,136,80,268,321,88,237,284,127,186,200,239,265,False,False,0,0,2025-05-02 11:05:56.208047,1
True,154,175,150,174,124,178,135,191,207,145,246,119,224,121,230,138,207,285,274,248,240,265,240,265,136,79,269,321,87,236,284,125,185,200,240,265,False,False,0,0,2025-05-02 11:05:56.311769,1
True,155,175,151,174,125,177,136,191,207,146,246,120,225,122,230,138,207,286,274,249,240,265,240,266,137,79,268,322,88,236,285,127,186,200,240,265,False,False,0,0,2025-05-02 11:05:56.416462,1
True,154,175,150,174,123,177,135,191,206,146,245,119,223,121,229,138,207,286,273,248,239,265,240,266,136,79,268,321,86,237,284,126,185,200,240,265,False,False,0,0,2025-05-02 11:05:56.524834,1
True,153,175,149,174,123,177,134,191,205,146,243,119,222,121,228,138,206,286,273,248,239,265,239,266,134,80,268,321,86,237,282,126,184,200,239,265,False,False,0,0,2025-05-02 11:05:56.628737,1
True,152,175,148,173,122,177,134,191,204,145,242,119,221,121,227,138,205,286,272,248,238,265,239,266,133,79,267,321,86,237,282,126,184,200,238,265,False,False,0,0,2025-05-02 11:05:56.737412,1
True,152,175,148,173,122,177,133,191,204,146,242,119,221,121,227,138,205,286,272,248,238,265,238,265,134,80,267,321,85,237,282,126,183,200,238,265,False,False,0,0,2025-05-02 11:05:56.843239,1
True,151,175,147,173,121,177,133,191,203,145,242,119,221,121,226,138,205,286,272,248,238,265,238,266,132,79,267,321,85,237,282,125,183,200,238,265,False,False,0,0,2025-05-02 11:05:56.950776,1
True,151,175,147,174,120,178,133,191,204,145,242,118,221,120,227,137,205,286,273,247,238,265,239,266,132,79,268,321,84,237,282,123,183,200,239,265,False,False,0,0,2025-05-02 11:05:57.063080,1
True,151,175,147,173,120,177,133,191,203,145,242,118,220,120,226,137,206,286,273,248,238,265,239,266,132,79,268,321,85,236,282,123,183,200,239,265,False,False,0,0,2025-05-02 11:05:57.176870,1
True,151,175,147,173,120,177,132,191,203,145,243,118,221,120,227,137,205,286,273,247,238,265,238,266,132,80,268,321,84,236,283,123,183,200,239,265,False,False,0,0,2025-05-02 11:05:57.283564,1
True,151,175,146,174,120,177,132,191,203,145,242,117,220,120,226,137,205,285,273,247,238,265,238,265,131,79,268,321,84,237,282,123,183,200,239,265,False,False,0,0,2025-05-02 11:05:57.391410,1
True,150,175,146,174,120,178,132,192,203,145,242,118,220,120,226,137,206,286,273,247,238,264,239,265,131,79,268,320,84,238,282,123,183,199,239,264,False,False,0,0,2025-05-02 11:05:57.497012,1
True,151,176,146,174,120,178,132,192,202,145,241,118,219,120,225,137,206,286,272,247,238,264,239,265,130,80,269,320,85,238,281,123,183,200,239,264,False,False,0,0,2025-05-02 11:05:57.602731,1
True,150,177,146,175,120,180,132,193,202,146,240,118,219,121,225,138,207,286,273,246,240,265,240,265,129,81,270,320,84,240,280,123,182,200,240,265,False,False,0,0,2025-05-02 11:05:57.708569,1
True,151,178,146,176,120,181,133,194,202,146,239,117,218,120,224,137,208,287,274,246,241,265,242,266,128,83,272,319,84,242,278,122,181,201,241,265,False,False,0,0,2025-05-02 11:05:57.813718,1
True,150,179,146,178,118,182,132,196,201,147,238,118,217,120,224,138,210,287,274,247,241,265,242,266,127,84,273,319,83,244,277,122,180,201,242,265,False,False,0,0,2025-05-02 11:05:57.923424,1
True,149,179,145,178,117,182,131,196,200,146,237,117,215,120,222,137,209,287,273,246,240,265,241,266,126,84,272,319,83,245,276,121,179,201,241,265,False,False,0,0,2025-05-02 11:05:58.027916,1
True,149,179,144,178,117,182,131,196,199,147,236,117,215,120,222,137,209,287,272,246,240,264,241,265,125,84,272,319,83,245,274,122,178,201,240,264,False,False,0,0,2025-05-02 11:05:58.133842,1
True,147,180,143,178,116,183,129,197,198,146,235,117,213,120,221,137,208,287,272,246,239,264,240,265,123,85,272,319,82,246,274,121,178,202,240,264,False,False,0,0,2025-05-02 11:05:58.241759,1
True,147,179,143,178,115,183,129,197,198,146,235,117,213,120,221,137,207,286,271,245,239,264,239,265,123,85,271,318,81,245,273,121,177,201,239,264,False,False,0,0,2025-05-02 11:05:58.347232,1
True,147,179,142,177,115,182,129,196,197,146,234,117,213,119,220,137,208,286,271,245,239,264,240,265,123,84,271,318,82,244,273,121,177,201,239,264,False,False,0,0,2025-05-02 11:05:58.452809,1
True,147,179,143,178,116,183,129,196,198,146,235,117,213,120,220,137,208,286,272,245,239,264,240,265,123,85,272,318,82,245,274,121,178,201,240,264,False,False,0,0,2025-05-02 11:05:58.559131,1
True,147,179,143,178,116,183,129,196,198,146,235,117,213,120,220,137,207,287,271,246,238,264,239,265,123,84,271,318,82,244,274,121,178,201,239,264,False,False,0,0,2025-05-02 11:05:58.662359,1
True,148,181,144,180,119,186,131,197,199,148,236,120,215,124,221,139,207,287,271,246,238,264,239,265,125,86,271,319,84,245,275,124,179,202,239,264,False,False,0,0,2025-05-02 11:05:58.772070,1
True,149,181,145,180,121,186,132,197,200,147,236,120,216,125,221,139,209,286,272,246,240,264,240,265,127,88,273,318,86,247,276,124,181,203,240,264,False,False,0,0,2025-05-02 11:05:58.877904,1
True,148,180,144,179,118,184,130,197,199,147,236,118,215,122,221,138,207,287,271,246,238,264,239,265,125,86,271,319,83,246,276,123,179,202,239,264,False,False,0,0,2025-05-02 11:05:58.985278,1
True,148,180,144,179,118,184,130,196,199,147,236,119,215,122,222,138,207,287,271,246,238,265,239,266,125,85,271,319,83,245,275,124,179,202,239,265,False,False,0,0,2025-05-02 11:05:59.091255,1
True,148,179,144,178,118,183,131,196,199,147,237,118,215,122,222,138,207,287,271,247,238,265,239,266,126,85,271,320,83,244,276,123,179,202,239,265,False,False,0,0,2025-05-02 11:05:59.196158,1
True,148,180,144,179,118,184,130,197,200,148,237,119,216,122,222,139,207,287,271,247,238,265,239,266,126,85,271,320,83,245,276,124,179,202,239,265,False,False,0,0,2025-05-02 11:05:59.302931,1
True,149,179,145,178,118,182,131,196,200,147,237,119,216,122,223,139,207,287,271,247,238,265,239,266,127,85,271,320,83,244,276,124,179,202,239,265,False,False,0,0,2025-05-02 11:05:59.410594,1
True,148,179,144,178,118,182,130,196,200,147,237,119,215,122,222,139,207,286,271,246,238,264,239,265,126,85,270,320,83,244,276,124,179,202,239,264,False,False,0,0,2025-05-02 11:05:59.513345,1
True,148,179,144,177,117,182,130,195,199,146,236,118,215,121,221,138,206,286,271,246,238,264,239,265,125,84,270,319,82,244,275,123,178,201,238,264,False,False,0,0,2025-05-02 11:05:59.620878,1
True,147,178,143,177,117,182,129,195,198,146,236,117,214,120,221,137,205,286,270,246,237,264,238,265,125,84,270,320,82,243,274,122,178,202,237,264,False,False,0,0,2025-05-02 11:05:59.726593,1
True,147,178,143,177,117,182,129,195,198,146,236,118,214,121,221,137,205,286,270,246,237,264,238,265,125,84,269,320,83,244,275,123,179,202,237,264,False,False,0,0,2025-05-02 11:05:59.830360,1
True,147,179,143,177,117,182,129,195,198,146,235,118,214,121,221,138,205,286,270,246,237,264,237,265,125,84,269,319,82,244,275,123,178,201,237,264,False,False,0,0,2025-05-02 11:05:59.939193,1
True,148,179,143,177,117,182,130,195,199,146,236,118,215,121,221,137,205,286,270,246,237,264,238,265,125,84,269,319,83,243,275,122,179,201,237,264,False,False,0,0,2025-05-02 11:06:00.056912,1
True,147,178,143,177,117,182,129,195,198,146,236,118,214,121,221,137,205,286,270,246,237,264,237,265,125,84,269,320,83,243,275,123,179,202,237,264,False,False,0,0,2025-05-02 11:06:00.163162,1
True,147,179,143,177,116,182,129,195,198,146,236,118,214,121,221,138,204,286,270,246,236,264,237,265,125,84,269,320,82,244,275,123,178,202,237,264,False,False,0,0,2025-05-02 11:06:00.268004,1
True,147,179,142,178,116,183,129,196,198,146,235,118,214,121,220,137,205,287,270,246,236,265,237,266,124,85,269,319,83,243,274,122,178,202,237,265,False,False,0,0,2025-05-02 11:06:00.374618,1
True,147,178,143,177,116,182,129,195,198,146,236,117,215,121,221,137,204,287,270,247,236,265,237,266,125,84,269,320,82,243,276,122,179,202,237,265,False,False,0,0,2025-05-02 11:06:00.480543,1
True,147,179,143,178,117,183,129,196,198,146,236,118,214,121,221,138,204,287,270,247,236,265,237,266,125,84,269,320,82,243,275,123,178,202,237,265,False,False,0,0,2025-05-02 11:06:00.586502,1
True,147,179,143,177,117,183,129,195,198,146,236,118,214,121,221,137,204,287,270,247,236,266,237,266,125,84,269,320,82,243,275,122,178,202,237,266,False,False,0,0,2025-05-02 11:06:00.693044,1
True,147,179,143,177,117,182,129,195,199,146,237,118,216,121,222,137,204,287,270,247,236,265,237,266,126,84,268,320,83,242,277,122,180,202,237,265,False,False,0,0,2025-05-02 11:06:00.797338,1
True,147,179,143,177,117,182,129,195,199,146,237,118,215,121,221,137,204,287,270,247,236,265,237,266,125,84,268,320,82,242,276,122,179,202,237,265,False,False,0,0,2025-05-02 11:06:00.905225,1
True,147,179,143,177,117,182,129,195,199,146,237,118,215,121,222,137,204,287,270,247,236,265,237,266,125,84,268,320,83,242,277,122,180,202,237,265,False,False,0,0,2025-05-02 11:06:01.009478,1
True,147,178,143,177,117,182,129,195,198,146,236,118,215,121,221,137,204,287,270,246,236,265,237,266,125,84,268,320,82,243,275,123,178,202,237,265,False,False,0,0,2025-05-02 11:06:01.115168,1
True,146,178,142,177,116,182,128,195,198,146,236,118,214,121,221,137,204,287,269,246,236,264,236,265,124,84,268,320,82,244,275,123,178,202,236,264,False,False,0,0,2025-05-02 11:06:01.222979,1
True,147,178,143,177,117,182,129,195,199,146,236,118,215,121,221,137,204,286,270,246,236,264,237,265,126,84,268,320,82,243,275,123,178,202,237,264,False,False,0,0,2025-05-02 11:06:01.327639,1
True,147,178,143,177,117,182,129,195,199,146,236,118,215,121,221,138,204,287,269,247,236,265,237,266,126,84,268,320,83,243,275,124,179,202,236,265,False,False,0,0,2025-05-02 11:06:01.434824,1
True,148,178,144,177,118,181,130,194,199,146,237,118,215,121,222,138,205,286,270,247,237,265,237,266,126,83,268,320,83,242,276,123,179,201,237,265,False,False,0,0,2025-05-02 11:06:01.540912,1
True,148,178,144,177,118,182,130,195,199,146,237,118,216,121,222,138,204,287,270,247,236,265,237,266,126,83,268,320,83,242,276,123,179,201,237,265,False,False,0,0,2025-05-02 11:06:01.647556,1
True,148,178,144,177,118,182,130,195,199,146,237,118,215,121,221,137,204,287,270,247,236,265,237,266,126,83,268,320,83,242,276,123,179,201,237,265,False,False,0,0,2025-05-02 11:06:01.754544,1
True,147,178,143,177,117,181,129,194,199,146,236,118,215,121,221,137,204,286,270,247,236,265,237,266,126,83,268,320,82,242,275,123,178,201,237,265,False,False,0,0,2025-05-02 11:06:01.859605,1
True,147,178,143,176,117,181,129,194,199,146,236,118,215,121,221,137,203,287,269,247,235,265,236,266,126,83,267,321,82,242,276,123,179,202,236,265,False,False,0,0,2025-05-02 11:06:01.964708,1
True,147,178,143,177,117,182,129,195,199,146,237,118,215,121,221,138,204,287,270,247,236,265,237,266,126,83,268,320,82,242,276,123,179,201,237,265,False,False,0,0,2025-05-02 11:06:02.071657,1
True,147,178,143,177,117,182,129,194,199,146,237,118,215,121,221,138,204,287,269,248,236,265,236,266,126,83,267,320,82,242,276,123,179,201,236,265,False,False,0,0,2025-05-02 11:06:02.176257,1
True,147,178,143,177,117,182,129,195,199,146,237,118,216,121,222,137,204,287,270,248,236,265,237,266,126,84,268,320,82,242,276,123,179,202,237,265,False,False,0,0,2025-05-02 11:06:02.280631,1
True,147,178,143,177,118,182,129,195,199,146,238,118,216,122,222,138,203,287,270,248,235,266,236,266,126,84,267,320,83,241,277,123,180,202,236,266,False,False,0,0,2025-05-02 11:06:02.387485,1
True,147,178,143,177,117,182,129,195,199,146,237,118,215,121,221,138,203,287,269,248,235,265,236,266,126,84,267,320,82,242,277,123,179,202,236,265,False,False,0,0,2025-05-02 11:06:02.494338,1
True,147,178,143,177,117,182,129,195,199,146,237,118,215,121,221,137,203,287,269,247,235,265,236,266,125,84,267,320,82,242,276,123,179,202,236,265,False,False,0,0,2025-05-02 11:06:02.602206,1
True,147,178,143,177,117,183,129,194,199,146,237,118,216,122,222,137,203,287,269,247,235,265,236,266,126,84,267,320,83,242,277,123,180,202,236,265,False,False,0,0,2025-05-02 11:06:02.721770,1
True,147,178,143,177,118,182,129,194,199,146,236,119,215,122,221,138,204,287,269,247,235,265,236,266,126,84,267,320,83,242,276,124,179,202,236,265,False,False,0,0,2025-05-02 11:06:02.827304,1
True,148,178,144,177,118,182,130,194,199,146,237,118,216,122,222,138,203,287,270,247,236,265,236,266,127,84,267,320,83,242,276,123,179,202,236,265,False,False,0,0,2025-05-02 11:06:02.933003,1
True,148,178,144,177,118,182,130,194,199,146,237,118,216,121,222,137,204,287,270,247,236,265,237,266,126,83,267,320,83,242,277,123,180,201,237,265,False,False,0,0,2025-05-02 11:06:03.042998,1
True,147,178,143,176,117,181,129,194,199,146,237,118,216,121,222,137,203,286,269,247,235,265,236,266,127,83,267,320,82,241,277,123,179,201,236,265,False,False,0,0,2025-05-02 11:06:03.149877,1
True,148,178,144,176,118,181,130,194,200,146,238,118,216,121,222,137,204,287,270,247,236,265,236,266,127,83,267,320,83,241,277,123,180,201,237,265,False,False,0,0,2025-05-02 11:06:03.258486,1
True,147,178,143,176,117,181,129,194,199,146,237,118,216,121,222,137,204,287,269,247,236,265,237,266,127,83,267,320,82,242,276,123,179,201,236,265,False,False,0,0,2025-05-02 11:06:03.363392,1
True,148,177,144,176,118,181,130,194,199,146,237,118,216,121,222,137,204,287,270,248,236,265,236,266,127,83,267,321,83,241,277,123,180,202,237,265,False,False,0,0,2025-05-02 11:06:03.471101,1
True,148,177,144,176,118,181,130,194,200,145,238,118,216,121,222,137,203,287,270,247,235,265,236,266,127,83,267,320,83,240,277,123,180,201,236,265,False,False,0,0,2025-05-02 11:06:03.579768,1
True,148,177,144,176,118,180,130,193,200,146,238,118,216,121,222,138,203,286,269,247,235,265,236,266,128,82,267,321,83,240,277,124,180,201,236,265,False,False,0,0,2025-05-02 11:06:03.685279,1
True,148,177,144,176,118,180,130,193,200,146,238,118,217,121,223,138,203,286,270,247,236,265,236,266,128,82,266,321,83,240,278,123,180,201,236,265,False,False,0,0,2025-05-02 11:06:03.791435,1
True,148,177,144,176,117,181,129,194,199,146,238,118,216,121,222,138,203,287,269,247,235,265,236,266,128,83,266,321,83,240,279,123,181,202,236,265,False,False,0,0,2025-05-02 11:06:03.897154,1
True,148,177,144,176,118,181,130,194,200,146,238,118,216,121,222,138,203,287,269,247,235,265,236,266,127,82,266,321,83,241,278,124,180,201,236,265,False,False,0,0,2025-05-02 11:06:04.004056,1
True,148,177,144,175,118,180,130,193,199,146,238,118,216,121,222,137,203,286,269,247,235,265,236,266,128,82,266,320,82,240,279,123,180,201,236,265,False,False,0,0,2025-05-02 11:06:04.110087,1
True,148,177,144,176,118,180,130,193,200,145,238,118,216,121,222,137,203,286,269,247,235,264,236,265,127,82,267,320,83,240,278,123,180,201,236,264,False,False,0,0,2025-05-02 11:06:04.217736,1
True,213,139,211,136,187,129,190,145,272,136,318,131,297,124,296,140,213,261,286,256,249,254,249,259,238,48,253,323,133,171,354,160,243,185,249,256,False,False,0,0,2025-05-02 11:06:12.563653,2
True,213,139,210,136,187,130,190,145,271,136,316,131,296,124,295,140,213,261,286,256,249,253,249,258,237,49,253,323,132,172,353,159,242,186,249,255,False,False,0,0,2025-05-02 11:06:12.670362,2
True,212,139,209,136,186,130,189,146,270,136,316,131,295,124,294,140,212,261,285,256,248,253,248,258,236,49,253,323,132,173,353,160,242,186,248,255,False,False,0,0,2025-05-02 11:06:12.774911,2
True,212,139,209,137,186,131,189,146,270,136,316,131,295,125,294,140,212,262,285,257,248,254,249,259,236,49,253,324,132,173,352,159,242,186,248,256,False,False,0,0,2025-05-02 11:06:12.882596,2
True,213,139,210,136,187,130,190,146,271,137,317,132,296,125,295,141,213,262,285,257,249,254,249,259,238,49,252,325,131,172,352,161,241,187,249,256,False,False,0,0,2025-05-02 11:06:12.990626,2
True,213,139,210,136,187,131,190,145,271,136,316,132,296,126,295,140,210,263,284,259,248,254,248,269,237,50,252,330,132,172,353,162,242,190,247,261,False,False,0,0,2025-05-02 11:06:13.094951,2
True,212,138,209,136,186,131,189,145,271,135,316,131,296,125,294,140,210,266,285,261,248,255,249,273,235,50,254,333,134,172,353,160,243,191,247,264,False,False,0,0,2025-05-02 11:06:13.199643,2
True,210,138,207,136,184,131,188,145,270,135,316,131,295,125,293,140,207,266,285,262,246,255,247,278,234,50,253,337,132,173,352,160,242,193,246,266,False,False,0,0,2025-05-02 11:06:13.306697,2
True,208,140,206,138,183,133,186,147,267,137,313,132,292,127,291,141,206,267,284,263,244,255,246,281,231,52,252,338,130,175,350,161,240,195,245,268,False,False,0,0,2025-05-02 11:06:13.412101,2
True,208,143,205,140,181,136,185,150,266,138,312,133,291,128,290,142,206,272,285,266,245,257,247,291,229,54,253,343,129,178,350,162,239,198,245,274,False,False,0,0,2025-05-02 11:06:13.517884,2
True,207,144,204,142,181,137,185,151,265,140,311,134,290,129,289,144,204,276,285,270,244,260,247,300,228,55,252,349,126,179,348,162,237,202,244,280,False,False,0,0,2025-05-02 11:06:13.625621,2
True,206,143,203,141,179,136,184,151,265,139,311,134,290,128,288,144,203,278,284,272,243,262,246,302,228,54,251,352,125,178,349,161,237,203,243,282,False,False,0,0,2025-05-02 11:06:13.731783,2
True,205,145,202,142,178,138,182,152,264,140,310,134,289,129,288,144,203,279,284,273,243,263,246,304,226,55,252,354,122,179,349,161,235,204,243,283,False,False,0,0,2025-05-02 11:06:13.838244,2
True,204,145,201,143,178,139,182,153,263,140,309,134,288,129,287,144,204,279,284,272,244,263,247,303,225,56,253,353,122,182,347,162,234,204,244,283,False,False,0,0,2025-05-02 11:06:13.948920,2
True,204,145,201,142,177,138,182,152,263,140,309,134,288,128,287,144,204,279,283,272,243,263,246,303,226,55,252,353,121,181,347,162,234,204,243,283,False,False,0,0,2025-05-02 11:06:14.060622,2
True,205,145,202,142,178,138,182,152,263,140,310,134,289,128,287,144,203,279,283,272,243,263,246,303,226,55,251,353,121,180,348,162,234,204,243,283,False,False,0,0,2025-05-02 11:06:14.176032,2
True,204,146,201,144,178,140,182,154,263,141,309,135,288,130,286,145,204,280,284,272,244,263,247,302,225,57,253,353,121,183,347,162,234,205,244,282,False,False,0,0,2025-05-02 11:06:14.279930,2
True,204,145,201,142,177,138,182,152,263,139,309,133,288,128,286,143,205,279,283,272,244,264,246,298,224,54,254,351,123,181,347,160,235,202,244,281,False,False,0,0,2025-05-02 11:06:14.386748,2
True,203,145,201,142,176,137,181,152,263,140,310,134,289,128,287,144,204,279,283,272,244,264,246,299,225,55,253,352,121,181,347,161,234,203,243,281,False,False,0,0,2025-05-02 11:06:14.494597,2
True,204,145,201,143,177,138,182,153,263,141,310,135,289,130,287,145,205,279,283,273,243,263,246,299,226,56,252,352,121,181,347,162,234,204,244,281,False,False,0,0,2025-05-02 11:06:14.598354,2
True,204,145,201,142,177,137,181,152,264,140,311,134,290,128,288,144,205,279,283,273,244,264,246,300,225,55,253,352,122,180,348,161,235,203,244,282,False,False,0,0,2025-05-02 11:06:14.706203,2
True,204,145,201,142,177,137,182,152,264,140,310,134,289,129,287,144,204,279,283,273,243,264,246,300,226,55,252,352,122,179,348,161,235,203,243,282,False,False,0,0,2025-05-02 11:06:14.810906,2
True,204,145,201,143,177,138,182,152,264,140,310,134,289,128,287,144,205,279,284,272,244,264,247,299,225,55,253,352,123,180,347,161,235,203,244,281,False,False,0,0,2025-05-02 11:06:14.929561,2
True,205,145,202,142,178,138,182,152,264,140,310,134,289,129,288,144,205,278,283,272,244,263,246,298,226,56,252,351,122,180,346,162,234,203,244,280,False,False,0,0,2025-05-02 11:06:15.034611,2
True,206,144,203,142,179,137,184,152,265,140,311,135,290,129,288,144,205,278,283,272,244,263,246,298,228,55,252,350,124,179,348,162,236,202,244,280,False,False,0,0,2025-05-02 11:06:15.142443,2
True,206,144,203,142,179,136,184,152,265,140,312,134,291,128,289,144,206,278,285,272,245,263,248,299,228,55,253,350,124,178,349,161,236,202,245,281,False,False,0,0,2025-05-02 11:06:15.246197,2
True,207,145,204,142,180,138,185,152,266,140,312,135,291,129,290,144,207,279,285,272,246,264,248,298,228,56,254,350,125,179,350,161,237,203,246,281,False,False,0,0,2025-05-02 11:06:15.354956,2
True,207,144,204,142,180,137,184,152,266,141,312,135,291,129,289,145,206,278,284,273,245,264,248,299,229,56,253,351,124,178,349,162,236,203,245,281,False,False,0,0,2025-05-02 11:06:15.461421,2
True,207,145,204,143,180,138,185,152,266,142,312,136,292,130,289,146,205,278,284,273,245,264,247,299,230,56,252,351,125,178,349,163,237,203,244,281,False,False,0,0,2025-05-02 11:06:15.567295,2
True,207,145,205,143,181,138,185,153,266,141,312,136,292,130,290,146,207,278,285,273,246,264,248,299,230,56,253,350,125,179,349,162,237,203,246,281,False,False,0,0,2025-05-02 11:06:15.674325,2
True,208,149,205,147,182,145,186,157,267,145,312,140,291,136,289,148,207,279,285,273,246,264,248,300,229,61,254,351,127,185,350,166,238,206,246,282,False,False,0,0,2025-05-02 11:06:15.780366,2
True,209,150,206,148,184,145,188,158,267,145,312,141,291,136,290,149,209,279,285,273,246,264,249,300,231,62,254,350,129,185,349,167,239,206,247,282,False,False,0,0,2025-05-02 11:06:15.888283,2
True,208,148,205,146,182,143,186,156,266,143,312,138,291,133,290,147,207,279,285,273,246,264,249,300,228,59,255,350,127,183,350,163,238,204,246,282,False,False,0,0,2025-05-02 11:06:15.993995,2
True,208,147,205,145,181,140,185,155,266,143,313,137,292,131,290,146,207,279,284,273,246,265,248,299,229,58,254,350,126,182,350,164,238,204,245,282,False,False,0,0,2025-05-02 11:06:16.097745,2
True,207,146,205,144,181,140,185,154,266,142,312,136,291,131,290,146,207,279,285,273,246,265,248,300,229,58,254,351,126,180,350,162,238,204,246,282,False,False,0,0,2025-05-02 11:06:16.205079,2
True,207,146,204,144,181,140,185,154,265,142,311,136,291,131,289,146,207,279,284,273,245,264,248,301,228,58,254,350,126,180,349,162,237,204,245,282,False,False,0,0,2025-05-02 11:06:16.309798,2
True,207,146,204,144,180,139,185,154,265,141,311,135,290,130,289,145,206,279,284,273,245,265,248,299,228,57,253,351,125,181,349,162,237,204,245,282,False,False,0,0,2025-05-02 11:06:16.416739,2
True,207,146,204,144,180,139,185,154,266,142,312,136,291,130,289,146,206,279,285,273,245,264,248,300,229,57,253,351,125,180,350,162,237,204,245,282,False,False,0,0,2025-05-02 11:06:16.539336,2
True,207,146,204,143,181,139,185,153,266,142,312,136,291,131,289,146,207,279,284,273,245,265,248,300,229,57,253,351,125,180,350,162,237,204,245,282,False,False,0,0,2025-05-02 11:06:16.644017,2
True,207,146,204,144,181,139,185,153,266,142,313,137,292,131,290,146,206,279,284,274,245,265,247,299,230,57,253,351,125,180,350,163,237,204,245,282,False,False,0,0,2025-05-02 11:06:16.748774,2
True,208,146,205,144,182,138,186,154,266,142,312,136,292,130,290,146,208,279,285,273,246,265,249,300,230,57,254,350,126,180,350,163,238,203,246,282,False,False,0,0,2025-05-02 11:06:16.855749,2
True,207,146,205,143,181,139,185,153,266,142,312,136,291,130,289,146,207,279,284,273,246,265,248,299,229,57,254,351,125,180,349,162,237,204,245,282,False,False,0,0,2025-05-02 11:06:16.960276,2
True,208,146,205,143,181,138,185,153,266,141,313,136,292,130,290,145,207,279,285,273,246,264,248,299,229,57,254,351,126,180,350,163,238,204,246,281,False,False,0,0,2025-05-02 11:06:17.064385,2
True,207,146,204,144,180,139,185,153,265,142,311,136,291,130,289,146,207,279,284,273,245,264,248,300,229,57,253,351,125,180,349,162,237,204,245,282,False,False,0,0,2025-05-02 11:06:17.171278,2
True,206,146,203,144,180,139,184,153,265,141,311,135,291,130,289,145,206,279,284,273,245,265,248,299,227,57,254,351,125,180,349,161,237,204,245,282,False,False,0,0,2025-05-02 11:06:17.277173,2
True,207,146,204,143,180,138,184,153,266,141,312,135,291,129,289,145,207,279,283,273,245,265,247,297,228,57,253,350,125,180,350,162,237,203,245,281,False,False,0,0,2025-05-02 11:06:17.384197,2
True,207,146,204,143,181,139,185,153,266,141,312,135,291,130,289,145,206,279,284,273,245,264,248,299,229,56,253,350,126,180,349,162,237,203,245,281,False,False,0,0,2025-05-02 11:06:17.492021,2
True,207,146,204,144,180,139,184,154,265,142,311,136,290,131,289,146,206,279,284,273,245,264,248,298,228,57,253,350,125,180,348,162,236,203,245,281,False,False,0,0,2025-05-02 11:06:17.594804,2
True,207,146,204,144,180,139,185,154,265,142,311,136,291,130,289,146,206,279,284,273,245,264,248,299,228,57,254,351,124,181,348,162,236,204,245,281,False,False,0,0,2025-05-02 11:06:17.700527,2
True,206,145,203,143,180,139,184,153,265,141,311,135,290,130,288,145,207,279,284,272,245,264,248,298,227,56,254,350,125,180,349,161,237,203,245,281,False,False,0,0,2025-05-02 11:06:17.808236,2
True,206,146,203,143,180,139,184,153,265,141,311,136,291,130,289,145,206,278,284,272,244,264,247,297,228,57,253,350,125,180,349,162,237,203,245,280,False,False,0,0,2025-05-02 11:06:17.914916,2
True,207,146,204,143,180,139,184,153,265,141,311,135,291,129,289,144,207,279,285,272,245,264,248,298,227,57,254,350,126,181,349,161,237,203,246,281,False,False,0,0,2025-05-02 11:06:18.020326,2
True,206,146,204,144,180,140,184,154,265,141,311,135,290,130,288,145,207,278,284,272,245,264,248,299,227,56,254,350,125,181,349,161,237,203,245,281,False,False,0,0,2025-05-02 11:06:18.124911,2
True,207,145,204,143,180,138,184,153,265,141,311,135,290,130,289,145,206,278,284,272,245,264,247,298,228,56,253,350,125,180,349,162,237,203,245,281,False,False,0,0,2025-05-02 11:06:18.229635,2
True,206,146,203,144,180,139,184,154,265,142,311,136,290,130,289,146,205,278,284,273,244,264,247,299,228,57,252,351,124,180,348,162,236,204,244,281,False,False,0,0,2025-05-02 11:06:18.337528,2
True,207,146,204,143,180,139,185,153,265,141,311,135,290,130,289,145,206,279,284,273,245,264,248,300,228,57,253,351,125,180,349,161,237,204,245,282,False,False,0,0,2025-05-02 11:06:18.444471,2
True,207,146,204,143,180,139,185,153,265,142,312,136,291,131,289,146,206,279,284,273,245,264,247,298,229,57,252,350,125,180,349,162,237,203,245,281,False,False,0,0,2025-05-02 11:06:18.551207,2
True,207,146,204,143,180,139,184,153,265,141,311,135,290,130,288,145,207,279,284,273,245,264,248,299,228,57,253,350,126,180,348,162,237,203,245,281,False,False,0,0,2025-05-02 11:06:18.657692,2
True,206,145,203,143,179,139,183,153,265,141,311,135,290,129,288,144,207,279,284,272,245,264,248,298,227,56,254,349,125,179,348,160,236,202,245,281,False,False,0,0,2025-05-02 11:06:18.761258,2
True,206,146,203,143,180,138,184,153,264,141,311,135,290,130,288,145,206,278,284,272,244,264,247,298,228,57,253,350,125,180,348,162,236,203,245,281,False,False,0,0,2025-05-02 11:06:18.869097,2
True,206,145,203,143,179,138,183,153,264,141,310,135,290,129,288,145,206,279,283,272,244,264,247,299,227,56,253,350,125,180,348,161,236,203,244,281,False,False,0,0,2025-05-02 11:06:18.977808,2
True,206,145,203,143,179,139,183,153,265,141,311,135,290,130,288,145,206,278,283,272,244,264,247,297,227,56,253,350,124,180,348,162,236,203,244,280,False,False,0,0,2025-05-02 11:06:19.089864,2
True,206,146,204,144,180,139,184,154,265,141,311,136,291,130,289,145,207,279,284,272,245,264,248,299,228,57,253,350,125,180,349,162,237,203,245,281,False,False,0,0,2025-05-02 11:06:19.195696,2
True,206,146,204,143,180,139,184,153,265,141,310,135,290,130,288,145,206,279,284,273,245,264,248,299,228,57,253,350,125,180,347,161,236,203,245,281,False,False,0,0,2025-05-02 11:06:19.301324,2
True,207,146,204,143,180,139,184,153,265,141,311,136,290,130,288,145,206,279,284,273,245,264,247,300,228,58,253,350,125,180,349,162,237,204,245,282,False,False,0,0,2025-05-02 11:06:19.407252,2
True,206,146,203,144,180,140,184,154,265,141,310,135,290,130,288,145,207,279,284,272,245,264,248,299,227,57,253,350,125,180,348,161,236,203,245,281,False,False,0,0,2025-05-02 11:06:19.512180,2
True,206,146,203,143,180,139,184,153,265,141,311,135,290,130,288,145,206,279,284,272,244,264,247,298,227,57,253,350,125,181,349,162,237,203,245,281,False,False,0,0,2025-05-02 11:06:19.618875,2
True,206,146,203,144,180,139,184,154,264,141,310,135,290,130,288,145,205,279,284,272,244,264,247,300,227,57,253,350,125,180,348,161,236,203,244,282,False,False,0,0,2025-05-02 11:06:19.725672,2
True,206,145,203,143,180,138,184,153,265,141,311,135,290,130,288,145,206,278,284,272,244,264,247,298,228,56,253,350,125,180,349,162,237,203,245,281,False,False,0,0,2025-05-02 11:06:19.830686,2
True,206,146,203,143,180,139,184,153,264,141,310,135,290,130,288,145,206,279,284,272,244,263,247,299,227,56,253,350,125,180,348,161,236,203,245,281,False,False,0,0,2025-05-02 11:06:19.936058,2
True,206,145,203,143,179,139,184,153,264,141,311,135,290,129,288,145,205,279,283,272,244,264,247,299,227,57,253,350,125,180,348,161,236,203,244,281,False,False,0,0,2025-05-02 11:06:20.043613,2
True,206,145,203,143,179,138,184,153,265,141,311,135,290,130,288,145,206,278,284,272,244,264,247,298,227,56,253,350,125,180,348,161,236,203,245,281,False,False,0,0,2025-05-02 11:06:20.148340,2
True,205,145,203,143,179,139,183,153,264,141,310,135,289,130,287,145,205,278,284,272,244,263,247,299,227,56,253,350,124,179,347,160,235,203,244,281,False,False,0,0,2025-05-02 11:06:20.255751,2
True,206,145,203,143,180,138,184,152,265,141,311,135,290,129,288,145,206,278,284,272,244,264,247,298,228,55,252,350,125,180,348,162,236,202,245,281,False,False,0,0,2025-05-02 11:06:20.362552,2
True,206,145,203,143,180,138,184,153,265,141,311,135,290,129,288,145,206,278,284,272,244,263,247,298,228,56,252,349,125,179,348,161,236,202,245,280,False,False,0,0,2025-05-02 11:06:20.468118,2
True,206,145,203,143,180,138,184,153,265,141,310,135,290,129,288,145,206,278,284,272,245,263,248,299,228,56,253,349,125,180,347,161,236,202,245,281,False,False,0,0,2025-05-02 11:06:20.574967,2
True,206,145,203,143,179,138,184,153,265,140,311,134,290,129,288,144,206,278,284,272,244,263,247,298,227,56,253,349,125,179,349,161,237,202,245,280,False,False,0,0,2025-05-02 11:06:20.680067,2
True,206,145,203,143,180,138,184,152,264,141,310,135,289,129,287,145,205,278,283,272,244,263,247,299,227,56,252,350,124,180,347,161,235,203,244,281,False,False,0,0,2025-05-02 11:06:20.786222,2
True,205,145,203,142,179,138,183,152,264,140,310,134,289,129,287,144,205,278,283,272,244,263,247,298,227,55,252,349,125,179,347,160,236,202,244,280,False,False,0,0,2025-05-02 11:06:20.893103,2
True,205,144,203,142,179,138,183,152,264,140,310,134,289,129,288,144,206,278,283,271,244,263,247,296,227,55,253,349,125,179,348,161,236,202,244,279,False,False,0,0,2025-05-02 11:06:21.000778,2
True,206,145,203,143,180,138,184,153,265,140,310,134,290,129,288,144,206,278,284,271,245,263,248,297,227,56,254,349,125,180,348,161,236,202,245,280,False,False,0,0,2025-05-02 11:06:21.108262,2
True,206,145,203,143,180,138,184,153,265,140,311,134,290,129,288,144,207,278,284,271,245,263,248,298,227,56,254,349,125,180,348,161,236,202,245,280,False,False,0,0,2025-05-02 11:06:21.213984,2
True,206,145,203,142,179,138,183,152,265,140,311,134,290,129,288,144,206,278,283,272,244,263,247,297,227,56,253,349,125,179,349,161,237,202,244,280,False,False,0,0,2025-05-02 11:06:21.320759,2
True,206,145,203,142,179,138,183,152,264,140,311,134,290,129,288,144,206,278,283,271,244,263,247,297,227,55,252,349,125,179,348,161,236,202,244,280,False,False,0,0,2025-05-02 11:06:21.427872,2
True,205,145,202,143,179,138,183,152,264,141,310,135,289,130,287,145,205,278,283,272,243,263,246,298,227,56,252,350,125,180,347,161,236,203,244,280,False,False,0,0,2025-05-02 11:06:21.534427,2
True,206,145,203,143,179,138,183,152,264,141,310,135,289,130,287,145,205,278,283,272,243,263,246,298,227,56,251,350,125,179,347,162,236,203,244,280,False,False,0,0,2025-05-02 11:06:21.641501,2
True,205,145,202,143,179,138,183,153,263,141,309,135,289,129,287,145,205,278,283,272,243,263,246,298,226,55,252,350,125,179,347,161,236,202,244,280,False,False,0,0,2025-05-02 11:06:21.744745,2
True,205,146,202,143,179,139,183,153,264,141,310,135,289,130,287,145,205,278,283,272,244,263,247,298,225,56,253,349,125,180,348,161,236,202,244,280,False,False,0,0,2025-05-02 11:06:21.849438,2
True,205,146,202,143,178,139,183,153,263,141,310,135,289,130,287,145,205,278,283,272,243,264,246,298,226,57,252,349,124,180,348,161,236,203,244,281,False,False,0,0,2025-05-02 11:06:21.957879,2
True,205,147,203,145,179,141,183,155,264,141,310,135,289,130,288,145,206,279,284,272,244,264,247,298,226,58,254,349,126,182,348,161,237,203,245,281,False,False,0,0,2025-05-02 11:06:22.063613,2
True,206,146,203,144,179,139,184,154,264,141,310,135,289,130,288,145,206,278,283,272,244,264,246,297,226,57,253,349,126,181,349,162,237,203,244,280,False,False,0,0,2025-05-02 11:06:22.170916,2
True,206,145,203,143,180,138,184,153,265,141,311,136,290,130,288,145,206,278,283,272,244,264,247,297,228,56,253,349,125,180,348,162,236,202,244,280,False,False,0,0,2025-05-02 11:06:22.295314,2
True,205,146,202,144,179,139,183,154,264,141,310,135,289,130,287,145,205,278,284,272,244,264,247,298,226,57,253,350,125,181,348,161,236,203,244,281,False,False,0,0,2025-05-02 11:06:22.401550,2
True,205,146,202,144,179,140,183,154,264,141,310,135,289,130,287,145,206,278,283,272,244,264,247,297,225,57,253,349,126,182,348,161,237,203,244,280,False,False,0,0,2025-05-02 11:06:22.507264,2
True,205,146,202,144,179,140,183,154,264,141,310,135,289,130,287,145,206,278,284,272,244,264,247,297,226,57,253,349,125,181,348,162,236,203,245,280,False,False,0,0,2025-05-02 11:06:22.612198,2
True,206,146,203,144,179,139,183,154,264,141,310,135,289,129,288,145,206,278,284,272,244,264,247,298,226,57,253,349,126,181,349,161,237,203,245,281,False,False,0,0,2025-05-02 11:06:22.715890,2
True,206,146,203,143,180,139,184,153,264,141,310,135,289,130,288,145,206,279,283,272,244,264,247,298,227,57,253,350,125,181,348,162,236,203,244,281,False,False,0,0,2025-05-02 11:06:22.824019,2
True,205,145,203,143,179,139,183,153,264,140,310,134,289,129,288,144,206,278,283,272,244,264,247,297,226,56,254,350,126,181,349,161,237,203,244,280,False,False,0,0,2025-05-02 11:06:22.931342,2
True,205,146,202,144,178,139,183,154,263,140,310,134,289,129,287,144,206,278,283,271,244,264,247,296,224,56,254,349,125,181,349,160,237,202,244,280,False,False,0,0,2025-05-02 11:06:23.037699,2
True,205,145,202,142,178,138,183,153,264,140,310,134,289,128,287,144,205,278,283,271,243,263,246,297,226,56,252,349,125,180,348,160,236,202,244,280,False,False,0,0,2025-05-02 11:06:23.142812,2
True,205,148,202,145,178,139,182,155,263,143,308,136,288,130,287,146,206,268,282,261,243,261,244,263,226,57,250,325,126,180,347,161,236,191,244,262,False,False,0,0,2025-05-02 11:06:30.745412,3
True,204,148,202,146,178,139,182,155,262,143,308,136,287,130,286,146,206,268,282,261,243,262,244,263,225,57,250,326,126,181,347,162,236,191,244,262,False,False,0,0,2025-05-02 11:06:30.854800,3
True,204,148,201,145,177,139,181,155,262,143,307,136,287,130,286,146,205,267,281,261,243,261,243,263,225,57,249,326,125,180,346,162,235,191,243,262,False,False,0,0,2025-05-02 11:06:30.959775,3
True,203,148,200,145,177,139,181,154,261,143,307,136,286,130,285,146,205,267,281,261,242,261,243,263,225,57,249,326,123,180,346,162,234,191,243,262,False,False,0,0,2025-05-02 11:06:31.065065,3
True,203,148,200,145,177,139,181,154,262,143,307,136,287,130,285,146,205,267,281,261,242,261,243,262,225,56,249,325,123,179,345,161,234,190,243,261,False,False,0,0,2025-05-02 11:06:31.172977,3
True,204,147,201,145,177,139,181,154,262,142,307,135,287,130,286,145,206,267,281,260,243,261,243,262,225,57,250,325,124,179,346,160,235,191,243,261,False,False,0,0,2025-05-02 11:06:31.279489,3
True,204,148,201,145,177,139,181,154,261,143,307,136,286,129,285,145,205,267,281,260,242,261,242,262,225,57,249,324,125,180,347,161,236,190,243,261,False,False,0,0,2025-05-02 11:06:31.387340,3
True,202,147,199,144,176,138,180,154,260,142,306,135,285,129,284,145,203,266,279,261,240,261,241,262,223,56,248,325,123,180,345,161,234,190,241,261,False,False,0,0,2025-05-02 11:06:31.493675,3
True,199,148,196,145,173,139,177,154,258,143,303,136,283,130,282,145,200,266,277,260,238,260,238,262,221,57,245,325,120,181,343,162,231,191,238,261,False,False,0,0,2025-05-02 11:06:31.597403,3
True,197,147,195,144,171,138,175,153,256,142,302,135,281,128,280,144,199,267,275,261,236,261,236,262,218,56,243,326,118,179,341,160,229,191,237,261,False,False,0,0,2025-05-02 11:06:31.704274,3
True,197,147,194,144,170,137,174,154,256,142,302,135,281,129,280,145,198,267,274,261,235,261,236,262,218,56,243,326,118,179,342,160,230,191,236,261,False,False,0,0,2025-05-02 11:06:31.811021,3
True,200,147,197,144,173,137,177,154,258,143,304,136,283,129,282,146,200,267,275,262,236,262,237,263,222,58,243,325,123,176,345,161,234,191,237,262,False,True,230,332,0,0,2025-05-02 11:06:31.944301,3
True,207,148,204,145,180,137,184,154,264,144,310,139,290,132,288,148,203,268,279,264,240,263,240,266,231,61,244,325,129,175,349,163,239,193,241,264,False,True,246,336,0,0,2025-05-02 11:06:32.080080,3
True,212,150,210,147,186,139,189,156,270,148,316,142,296,135,293,152,207,271,283,268,244,267,244,268,239,62,246,327,132,173,353,166,242,194,245,267,False,True,261,334,0,0,2025-05-02 11:06:32.214807,3
True,218,154,215,151,191,143,194,160,276,153,322,148,303,141,299,157,212,276,288,272,250,273,250,274,246,66,250,330,136,174,358,170,247,198,250,273,False,True,269,332,0,0,2025-05-02 11:06:32.349839,3
True,226,159,223,156,198,146,202,164,284,158,329,154,310,146,307,163,219,279,295,274,258,276,258,277,256,72,254,335,140,177,361,175,250,203,257,276,False,True,267,330,0,0,2025-05-02 11:06:32.488615,3
True,238,164,235,161,210,150,214,169,296,165,342,161,324,153,319,170,228,285,301,281,267,282,267,284,274,76,258,339,145,173,367,177,256,207,264,283,False,True,269,321,0,0,2025-05-02 11:06:32.624370,3
True,245,170,242,167,218,155,221,173,302,173,347,170,329,162,324,178,230,289,301,289,269,289,269,290,285,84,258,345,149,174,369,186,259,214,265,289,False,True,272,327,0,0,2025-05-02 11:06:32.761016,3
True,252,176,249,173,224,161,228,179,309,180,354,178,337,170,331,186,236,296,309,297,275,296,276,298,291,91,266,354,156,181,376,196,266,222,272,297,False,True,280,336,0,0,2025-05-02 11:06:32.897541,3
True,257,182,254,178,230,167,233,185,315,185,360,183,342,175,337,191,244,303,319,304,284,303,284,304,294,96,276,362,161,190,382,202,271,229,281,303,False,True,275,339,0,0,2025-05-02 11:06:33.036358,3
True,259,185,256,182,232,170,235,188,317,189,362,188,345,179,339,195,245,307,319,308,285,307,286,310,298,99,277,367,164,191,383,205,273,233,282,308,False,True,274,341,0,0,2025-05-02 11:06:33.174593,3
True,259,185,256,182,231,170,234,189,317,189,362,187,345,178,339,196,246,308,319,309,286,309,286,310,297,98,278,370,163,193,385,207,274,234,282,309,False,True,270,340,0,0,2025-05-02 11:06:33.315041,3
True,256,185,254,181,228,170,232,189,315,188,360,186,342,177,337,195,245,307,319,308,285,308,286,308,292,97,279,370,161,195,384,206,272,233,282,308,False,True,270,341,0,0,2025-05-02 11:06:33.452619,3
True,255,184,253,181,228,169,231,188,314,188,360,186,342,177,337,195,243,307,318,309,283,307,284,308,292,96,276,370,160,194,385,207,272,233,280,307,False,True,269,337,0,0,2025-05-02 11:06:33.589791,3
True,254,185,251,181,225,170,229,189,313,188,359,186,341,177,336,194,243,309,318,310,283,309,284,310,289,96,277,372,160,195,384,205,272,234,280,309,False,True,264,343,0,0,2025-05-02 11:06:33.727304,3
True,253,185,250,182,225,171,228,189,313,189,360,187,341,178,337,195,241,310,317,312,281,310,282,311,289,97,276,373,160,196,387,208,273,235,279,310,False,True,273,340,0,0,2025-05-02 11:06:33.862455,3
True,254,185,251,181,226,170,229,189,312,188,359,187,340,178,336,195,243,309,319,311,282,309,283,311,289,97,277,374,160,197,386,209,273,235,281,310,False,True,268,343,0,0,2025-05-02 11:06:33.999059,3
True,253,184,251,181,225,170,229,188,313,188,359,186,340,177,336,194,242,309,319,311,283,309,283,310,289,96,278,374,158,196,384,208,271,235,280,309,False,True,271,346,0,0,2025-05-02 11:06:34.137919,3
True,253,184,250,181,225,170,228,188,313,188,360,186,341,177,336,194,243,310,318,312,282,310,283,311,289,95,277,375,159,196,385,208,272,235,280,310,False,True,270,341,0,0,2025-05-02 11:06:34.274102,3
True,253,184,250,180,225,169,228,188,313,187,359,185,341,177,336,194,242,309,318,311,283,309,283,310,288,95,278,374,157,196,385,207,271,234,280,309,False,True,271,344,0,0,2025-05-02 11:06:34.411826,3
True,253,183,250,180,224,169,228,188,312,187,359,185,340,175,336,193,242,309,318,311,282,309,283,310,288,94,278,374,157,196,385,206,271,234,280,309,False,True,260,344,0,0,2025-05-02 11:06:34.547793,3
True,252,183,249,179,224,169,227,187,312,186,359,184,340,175,335,192,243,309,318,310,282,308,283,309,287,94,278,374,157,197,385,206,271,234,280,308,False,True,266,342,0,0,2025-05-02 11:06:34.683750,3
True,252,183,249,179,224,168,227,187,311,186,358,184,339,175,335,193,243,309,319,310,283,308,284,309,287,93,278,374,155,196,383,206,269,233,281,308,False,True,254,343,0,0,2025-05-02 11:06:34.821550,3
True,252,182,249,179,223,168,227,187,311,186,358,183,339,174,335,192,242,309,319,310,283,308,284,309,287,93,278,374,155,196,383,206,269,233,280,308,False,True,266,343,0,0,2025-05-02 11:06:34.961261,3
True,252,183,249,179,224,168,227,187,311,186,357,184,339,175,334,192,242,309,318,310,282,308,283,309,286,94,278,375,156,197,384,207,270,234,280,308,False,True,269,340,0,0,2025-05-02 11:06:35.095948,3
True,252,182,249,179,224,168,227,187,311,186,357,184,338,175,334,192,242,308,318,309,282,307,283,308,286,93,278,373,156,197,385,207,270,233,280,307,False,True,263,341,0,0,2025-05-02 11:06:35.232228,3
True,252,182,249,179,224,168,227,187,311,185,357,183,339,174,334,192,242,308,318,310,282,307,283,309,286,92,278,373,156,197,384,206,270,232,280,308,False,True,265,340,0,0,2025-05-02 11:06:35.370901,3
True,252,182,249,179,224,168,227,187,311,185,358,183,339,174,335,192,243,308,319,309,283,307,283,309,286,92,279,373,157,197,384,205,270,232,281,308,False,True,261,338,0,0,2025-05-02 11:06:35.507625,3
True,252,182,249,178,224,167,227,186,311,185,357,183,339,174,335,191,243,308,317,309,282,306,283,308,286,92,278,372,157,196,384,205,270,232,280,307,False,True,269,337,0,0,2025-05-02 11:06:35.645257,3
True,252,181,249,178,223,167,227,186,311,184,358,182,339,173,335,191,242,308,318,309,282,307,283,308,286,92,278,373,156,196,385,205,270,232,280,307,False,True,272,341,0,0,2025-05-02 11:06:35.781035,3
True,252,182,249,178,223,167,227,186,312,185,358,182,340,173,335,191,242,308,318,309,282,306,283,308,287,92,278,373,156,196,385,205,270,232,280,307,False,True,266,344,0,0,2025-05-02 11:06:35.918698,3
True,252,181,249,178,224,167,227,186,311,185,357,183,339,174,335,191,242,307,318,308,283,306,283,308,287,91,277,372,156,195,383,205,269,231,280,307,False,True,271,338,0,0,2025-05-02 11:06:36.056442,3
True,252,181,249,178,224,167,227,186,311,185,358,183,339,174,335,191,243,307,319,308,283,306,284,308,287,92,278,373,157,196,384,205,270,232,281,307,False,True,272,339,0,0,2025-05-02 11:06:36.193178,3
True,252,181,249,178,224,167,227,186,311,185,358,182,339,173,335,191,243,307,319,308,283,306,284,308,287,92,279,373,157,196,384,205,270,232,281,307,False,True,261,337,0,0,2025-05-02 11:06:36.326463,3
True,252,182,249,178,223,167,226,186,310,185,357,182,338,173,334,191,242,307,319,308,283,306,283,308,285,92,279,373,156,197,383,205,269,232,280,307,False,True,270,342,0,0,2025-05-02 11:06:36.463098,3
True,251,182,249,178,223,167,227,186,311,185,357,182,339,173,334,191,243,307,320,307,283,306,284,307,285,92,280,372,156,197,385,205,270,232,281,306,False,True,266,342,0,0,2025-05-02 11:06:36.598359,3
True,251,181,248,178,223,167,226,186,311,185,357,182,339,173,334,191,242,308,318,309,282,306,283,308,286,92,278,372,157,196,384,205,270,232,280,307,False,True,266,341,0,0,2025-05-02 11:06:36.738097,3
True,251,182,249,178,223,167,226,186,311,185,358,183,339,173,335,191,242,307,318,308,282,306,282,307,286,91,278,373,157,197,385,206,271,232,280,306,False,True,272,343,0,0,2025-05-02 11:06:36.889847,3
True,251,182,248,178,223,167,226,186,311,185,357,182,339,173,335,191,243,308,319,309,283,306,283,308,285,91,279,373,155,197,385,205,270,232,281,307,False,True,270,341,0,0,2025-05-02 11:06:37.025915,3
True,251,182,249,179,223,167,226,187,311,185,357,182,338,173,334,191,242,308,319,308,283,306,283,308,285,91,279,373,157,198,385,206,271,232,280,307,False,True,272,342,0,0,2025-05-02 11:06:37.159679,3
True,251,182,248,178,223,167,226,186,310,185,357,182,338,173,334,191,243,307,319,308,283,305,283,307,285,91,279,372,156,197,384,205,270,231,281,306,False,True,268,344,0,0,2025-05-02 11:06:37.297034,3
True,251,182,249,178,223,167,226,186,311,184,357,182,338,172,334,191,243,307,318,308,282,306,283,308,285,91,279,373,156,197,384,204,270,232,280,307,False,True,272,344,0,0,2025-05-02 11:06:37.432667,3
True,251,182,248,178,222,167,226,186,310,184,356,181,338,172,334,190,242,307,317,307,282,305,283,307,285,93,278,372,156,197,383,203,269,232,279,306,False,True,271,342,0,0,2025-05-02 11:06:37.570686,3
True,251,181,248,178,223,167,227,186,310,184,356,182,338,172,333,190,242,307,317,307,282,306,282,307,285,91,278,372,157,197,383,205,270,231,279,306,False,True,268,343,0,0,2025-05-02 11:06:37.708342,3
True,252,182,249,178,223,167,227,186,311,185,357,182,338,173,334,191,243,308,318,308,283,306,284,308,285,92,279,373,157,198,384,205,270,232,280,307,False,True,272,341,0,0,2025-05-02 11:06:37.844973,3
True,252,182,249,178,223,167,227,186,311,184,357,182,338,172,334,190,243,306,318,306,283,305,283,306,286,92,279,371,157,196,384,204,270,231,280,305,False,True,270,343,0,0,2025-05-02 11:06:37.982734,3
True,251,181,248,177,223,166,226,185,310,184,356,181,338,172,334,190,242,305,316,306,281,304,282,305,286,92,277,370,157,194,383,203,270,231,279,304,False,True,271,340,0,0,2025-05-02 11:06:38.122229,3
True,251,181,248,178,223,166,226,186,310,184,356,182,338,172,333,191,242,306,316,306,281,305,282,305,286,92,276,368,157,194,381,202,269,230,279,305,False,True,265,338,0,0,2025-05-02 11:06:38.259078,3
True,251,182,248,178,223,167,226,186,310,185,356,182,337,173,333,191,243,305,317,305,282,304,282,305,285,93,277,368,159,195,382,203,270,230,280,304,False,True,269,337,0,0,2025-05-02 11:06:38.396508,3
True,251,181,248,178,223,167,226,185,310,184,355,181,337,172,333,190,243,304,316,304,282,303,282,304,285,92,277,366,158,194,381,202,269,229,279,303,False,True,270,341,0,0,2025-05-02 11:06:38.531549,3
True,251,181,248,178,223,167,226,186,309,184,354,181,336,172,332,190,243,306,316,305,282,304,282,306,285,92,277,366,157,194,380,201,268,229,279,305,False,True,283,345,0,0,2025-05-02 11:06:38.669773,3
True,251,181,248,178,223,166,227,185,309,184,355,182,337,173,332,190,243,305,317,305,282,303,282,305,285,93,277,367,158,193,380,202,269,230,280,304,False,True,269,341,0,0,2025-05-02 11:06:38.807769,3
True,251,181,248,177,223,166,227,185,310,184,355,182,337,172,333,190,243,305,318,305,282,303,283,305,286,93,277,367,158,194,381,203,269,230,280,304,False,True,273,341,0,0,2025-05-02 11:06:38.944031,3
True,250,181,248,178,223,167,226,185,308,184,354,181,336,173,332,190,242,305,316,305,281,303,282,305,284,92,276,366,158,194,381,202,269,229,279,304,False,True,270,343,0,0,2025-05-02 11:06:39.079129,3
True,250,181,247,177,222,166,226,185,308,184,354,181,336,172,332,190,242,305,316,305,281,304,282,305,284,92,276,366,157,194,380,202,268,229,279,304,False,True,271,336,0,0,2025-05-02 11:06:39.215762,3
True,251,181,248,178,223,167,226,186,308,184,354,181,336,172,331,190,242,304,317,304,281,303,282,305,284,92,277,366,157,194,380,201,268,229,279,304,False,True,275,345,0,0,2025-05-02 11:06:39.354541,3
True,251,180,248,177,223,165,226,184,309,184,355,181,337,172,332,190,242,305,318,305,282,304,282,305,285,92,276,367,157,193,381,203,269,229,280,304,False,True,268,340,0,0,2025-05-02 11:06:39.493179,3
True,250,181,248,178,222,166,226,185,309,184,355,181,336,172,332,190,242,305,317,305,281,303,282,305,285,92,277,366,157,194,381,202,269,229,279,304,False,True,275,340,0,0,2025-05-02 11:06:39.627998,3
True,250,181,247,177,222,166,226,185,308,183,354,181,336,172,332,190,241,305,316,305,280,304,281,305,285,92,275,366,157,193,380,202,268,229,278,304,False,True,266,342,0,0,2025-05-02 11:06:39.765690,3
True,251,181,248,178,222,167,226,186,309,184,355,181,337,172,332,190,242,305,316,305,281,303,282,305,284,92,277,366,158,194,381,202,269,229,279,304,False,True,282,346,0,0,2025-05-02 11:06:39.902372,3
True,250,181,247,178,222,167,225,185,308,184,354,181,336,172,331,190,242,304,317,304,281,303,282,305,284,92,277,366,157,194,381,202,269,229,279,304,False,True,268,344,0,0,2025-05-02 11:06:40.048517,3
True,250,181,247,177,222,167,225,185,308,183,353,181,335,172,331,189,242,305,316,304,281,303,282,304,283,92,276,365,157,194,380,202,268,228,279,303,False,True,275,339,0,0,2025-05-02 11:06:40.186253,3
True,249,181,247,178,221,167,225,186,307,183,353,180,335,171,331,189,242,305,316,304,281,303,282,304,283,92,277,365,157,194,380,200,268,228,279,303,False,True,268,340,0,0,2025-05-02 11:06:40.323328,3
True,249,181,247,178,221,167,225,186,307,183,353,181,335,172,331,189,241,305,317,304,281,303,281,304,283,92,276,366,157,195,380,201,268,229,279,303,False,True,273,340,0,0,2025-05-02 11:06:40.460433,3
True,249,181,247,178,221,167,225,186,307,183,353,180,335,171,330,189,242,304,316,303,281,302,282,304,282,92,277,365,158,195,380,200,269,228,279,303,False,True,268,339,0,0,2025-05-02 11:06:40.597994,3
True,249,181,246,178,221,167,225,186,307,183,353,181,334,172,330,189,242,304,316,303,280,302,281,303,282,92,276,365,157,195,381,202,269,228,279,302,False,True,273,341,0,0,2025-05-02 11:06:40.736616,3
True,249,181,246,177,221,167,224,185,307,183,353,180,334,171,330,188,242,304,316,303,280,302,281,303,282,92,276,364,157,194,380,200,268,228,279,302,False,True,279,344,0,0,2025-05-02 11:06:40.875585,3
True,249,181,246,178,221,167,224,186,307,183,353,180,335,171,331,189,242,304,316,303,281,302,281,303,282,92,277,365,157,195,381,201,269,228,279,302,False,True,271,337,0,0,2025-05-02 11:06:41.013752,3
True,249,182,246,178,221,168,224,186,307,183,352,180,334,172,330,189,242,305,316,304,281,303,281,304,281,93,277,365,157,196,380,201,268,229,279,303,False,True,273,339,0,0,2025-05-02 11:06:41.149389,3
True,249,181,246,178,221,167,224,186,307,183,353,181,334,172,330,189,242,304,316,304,280,303,281,304,282,92,277,366,157,195,380,201,268,229,279,303,False,True,264,338,0,0,2025-05-02 11:06:41.286450,3
True,249,181,246,178,221,167,224,186,307,183,353,180,334,171,330,189,242,304,316,302,281,302,282,303,282,92,277,364,157,195,379,200,268,228,279,302,False,True,271,340,0,0,2025-05-02 11:06:41.426076,3
True,249,181,246,178,221,167,225,186,307,183,353,181,334,172,330,189,241,304,316,303,281,303,281,304,282,92,277,365,157,196,380,202,268,228,278,303,False,True,271,339,0,0,2025-05-02 11:06:41.561714,3
True,249,181,247,178,222,167,225,186,307,183,353,181,335,172,331,189,242,304,317,303,281,303,282,304,282,92,277,365,157,196,381,202,269,228,279,303,False,True,271,342,0,0,2025-05-02 11:06:41.698187,3
True,250,181,247,178,222,167,225,186,308,183,354,181,335,172,331,189,242,304,317,304,281,303,282,304,283,93,277,365,158,196,380,202,269,229,279,303,False,True,267,340,0,0,2025-05-02 11:06:41.836730,3
True,249,182,247,178,221,168,225,187,308,184,354,181,335,172,331,189,242,305,317,303,282,303,282,304,282,93,278,366,157,197,381,202,269,229,279,303,False,True,271,343,0,0,2025-05-02 11:06:41.973634,3
True,250,181,247,178,223,167,226,186,308,185,354,183,335,174,331,191,241,304,317,304,281,303,282,304,284,94,276,366,158,195,381,204,269,230,279,303,False,True,277,341,0,0,2025-05-02 11:06:42.110531,3
True,250,181,247,178,222,168,225,186,308,184,354,182,336,173,331,190,242,305,317,304,281,303,282,305,283,93,277,366,158,196,381,203,269,229,279,304,False,True,265,340,0,0,2025-05-02 11:06:42.247975,3
True,249,181,246,178,221,167,224,186,307,183,353,181,335,172,331,189,241,305,317,304,281,303,282,304,282,92,277,367,157,196,382,202,269,229,279,303,False,True,276,339,0,0,2025-05-02 11:06:42.383400,3
True,249,181,246,178,221,167,224,186,307,184,353,181,335,172,331,189,241,305,316,304,280,303,281,305,282,93,277,367,157,196,382,202,269,230,278,304,False,True,270,338,0,0,2025-05-02 11:06:42.523531,3
True,249,181,246,178,221,167,224,185,307,183,353,181,335,172,331,189,241,305,316,305,280,303,281,305,282,92,276,367,157,196,381,202,269,229,278,304,False,True,265,338,0,0,2025-05-02 11:06:42.659348,3
True,249,181,246,178,221,167,224,185,307,183,354,181,335,172,331,189,241,304,317,304,280,303,281,304,282,92,276,367,156,195,382,202,269,229,279,303,False,True,270,336,0,0,2025-05-02 11:06:42.796731,3
True,249,182,246,178,221,168,224,186,307,184,353,181,335,172,331,190,241,305,317,304,281,303,281,305,281,93,277,367,157,197,382,203,269,230,279,304,False,True,273,343,0,0,2025-05-02 11:06:42.934250,3
True,249,182,246,178,221,168,225,186,307,184,353,181,335,172,331,190,241,305,317,304,281,303,281,305,281,94,277,368,158,197,382,203,270,231,279,304,False,True,265,338,0,0,2025-05-02 11:06:43.073088,3
True,249,181,246,178,220,167,224,186,307,184,353,181,335,172,331,189,242,305,317,304,281,304,282,305,281,93,278,366,156,196,380,202,268,229,279,304,False,True,267,342,0,0,2025-05-02 11:06:43.209228,3
True,248,181,245,178,220,168,224,186,307,184,353,181,334,172,330,190,241,305,316,304,280,303,281,304,281,93,277,366,156,196,381,202,268,229,278,303,False,True,275,346,0,0,2025-05-02 11:06:43.344099,3
True,249,181,246,178,221,168,224,186,307,183,353,180,334,172,330,189,241,305,317,303,281,303,282,304,281,93,278,366,157,197,382,202,269,229,279,303,False,True,275,340,0,0,2025-05-02 11:06:43.501699,3
True,249,181,246,178,221,168,224,186,307,184,353,181,335,172,330,189,241,305,317,304,280,304,281,305,281,93,277,367,157,196,382,202,269,230,279,304,False,True,276,339,0,0,2025-05-02 11:06:43.643352,3
True,249,182,246,178,221,168,224,186,307,184,353,181,334,172,330,189,241,305,317,303,281,303,281,305,281,94,277,367,156,197,381,202,268,230,279,304,False,True,270,344,0,0,2025-05-02 11:06:43.776888,3
True,248,181,245,178,220,167,224,186,307,183,353,180,335,172,330,189,241,305,316,304,280,303,281,305,281,93,277,367,156,196,382,202,269,230,278,304,False,True,274,346,0,0,2025-05-02 11:06:43.920659,3
True,249,181,246,178,220,167,224,186,307,183,353,180,335,171,331,189,241,305,316,304,280,303,281,305,281,92,277,367,157,196,382,202,269,229,278,304,False,True,274,344,0,0,2025-05-02 11:06:44.057580,3
True,213,153,211,150,187,143,190,159,272,150,318,144,298,137,296,153,212,273,288,268,250,268,250,269,238,63,254,332,132,182,355,169,243,197,250,268,False,False,0,0,2025-05-02 11:06:52.169109,4
True,220,149,218,146,194,139,197,155,279,147,325,142,305,135,303,151,217,268,293,265,254,263,255,264,246,60,257,328,139,178,362,170,250,194,255,263,True,False,493,332,0,0,2025-05-02 11:07:02.833501,4
True,221,149,218,146,195,139,198,155,279,146,325,142,305,135,303,151,218,267,294,264,255,262,255,264,247,59,258,328,140,179,362,170,251,193,256,263,True,False,494,329,0,0,2025-05-02 11:07:02.972145,4
True,220,148,217,145,194,138,197,154,279,145,325,141,305,133,303,150,217,266,293,263,254,261,255,263,246,58,257,327,140,177,361,168,250,192,255,262,True,False,490,326,0,0,2025-05-02 11:07:03.109029,4
True,219,146,216,143,192,135,196,151,278,143,324,138,304,131,302,147,217,264,293,261,254,259,254,261,244,55,258,324,140,175,361,166,250,189,255,260,True,False,486,319,0,0,2025-05-02 11:07:03.244666,4
True,218,146,216,143,192,135,195,152,277,143,323,139,303,131,301,147,215,265,291,261,253,260,253,261,244,55,256,325,138,175,359,166,248,190,253,260,True,False,485,319,0,0,2025-05-02 11:07:03.380366,4
True,214,145,211,142,188,135,191,151,273,143,319,138,299,131,297,147,211,263,287,260,248,259,248,260,239,56,252,324,136,175,358,166,247,190,249,259,True,False,477,314,0,0,2025-05-02 11:07:03.528973,4
True,212,144,209,141,186,134,189,149,270,142,317,137,296,130,294,146,210,262,286,259,246,257,247,259,236,56,251,320,133,172,355,163,244,188,248,258,True,False,473,313,0,0,2025-05-02 11:07:03.649789,4
True,211,143,208,141,185,133,188,149,269,141,315,137,295,129,293,145,209,262,285,258,246,257,246,259,235,55,251,320,133,171,354,162,243,187,247,258,True,False,470,309,0,0,2025-05-02 11:07:03.787300,4
True,212,143,209,141,186,133,189,149,270,141,317,136,296,129,294,144,211,262,286,258,247,257,247,259,236,55,252,320,134,172,356,162,245,187,248,258,True,False,472,310,0,0,2025-05-02 11:07:03.924046,4
True,214,143,211,141,188,133,191,149,273,141,319,136,298,129,297,144,213,262,287,259,249,257,249,259,239,55,253,321,135,172,357,162,246,188,250,258,True,False,475,309,0,0,2025-05-02 11:07:04.060734,4
True,214,144,211,141,188,133,191,149,272,142,318,137,298,130,296,145,212,263,287,259,248,257,249,259,239,55,253,321,135,172,357,163,246,188,249,258,True,False,475,310,0,0,2025-05-02 11:07:04.197513,4
True,213,144,210,142,187,134,190,150,271,142,317,137,297,130,295,146,211,262,286,259,247,257,248,259,237,56,252,321,134,173,355,163,244,188,248,258,True,False,475,309,0,0,2025-05-02 11:07:04.335499,4
True,213,144,210,142,187,135,190,150,271,142,316,137,296,130,294,146,211,263,286,259,247,257,247,259,236,56,252,321,135,174,355,164,245,188,248,258,True,False,474,310,0,0,2025-05-02 11:07:04.472617,4
True,213,144,210,141,187,134,190,150,271,142,317,137,297,130,295,145,212,262,286,259,248,257,248,259,237,56,252,321,135,173,356,163,245,188,249,258,True,False,474,310,0,0,2025-05-02 11:07:04.607886,4
True,213,144,211,142,187,134,190,150,272,142,317,137,297,130,295,145,212,262,287,259,248,257,248,260,237,56,253,321,134,173,356,163,245,188,249,258,True,False,475,310,0,0,2025-05-02 11:07:04.743725,4
True,213,145,211,142,187,134,190,150,272,142,318,137,297,130,295,146,212,263,287,259,248,257,248,259,237,56,253,322,135,174,356,163,245,189,249,258,True,False,475,311,0,0,2025-05-02 11:07:04.880351,4
True,213,145,210,142,187,135,190,151,272,143,317,138,297,131,295,147,211,263,286,260,248,258,248,260,238,56,252,323,135,175,355,166,245,189,248,259,True,False,476,310,0,0,2025-05-02 11:07:05.016259,4
True,213,145,211,142,187,135,190,151,272,143,318,138,297,131,296,146,212,263,287,260,248,258,248,260,238,56,253,323,135,175,356,165,245,189,249,259,True,False,476,310,0,0,2025-05-02 11:07:05.156748,4
True,214,146,211,143,188,135,191,151,272,143,318,138,298,131,296,147,211,264,287,260,248,258,249,260,238,57,253,322,136,175,356,166,246,189,249,259,True,False,475,310,0,0,2025-05-02 11:07:05.292382,4
True,214,145,211,143,188,135,191,151,273,143,319,139,298,132,297,147,212,264,287,260,249,258,249,260,239,56,252,323,135,175,357,166,246,189,249,259,True,False,476,311,0,0,2025-05-02 11:07:05.428287,4
True,214,146,211,143,188,136,191,152,273,144,319,139,298,132,297,148,212,263,287,260,248,258,249,260,239,57,252,323,135,175,356,167,245,190,249,259,True,False,475,312,0,0,2025-05-02 11:07:05.564379,4
True,214,145,211,142,188,135,191,151,273,143,319,139,298,132,296,147,212,263,288,260,249,258,249,260,239,57,253,322,135,174,356,166,245,189,250,259,True,False,475,314,0,0,2025-05-02 11:07:05.700540,4
True,216,145,213,142,190,135,193,151,274,143,320,139,299,132,298,147,213,263,288,260,249,258,250,260,241,57,253,322,137,174,358,166,247,189,250,259,True,False,474,314,0,0,2025-05-02 11:07:05.855118,4
True,216,145,213,142,190,134,193,150,275,143,320,138,300,131,298,147,213,262,288,259,250,257,250,259,241,56,253,321,137,173,357,165,247,188,250,258,True,False,475,313,0,0,2025-05-02 11:07:05.991584,4
True,213,143,211,140,187,133,190,149,272,141,318,136,298,129,296,145,211,260,286,257,248,255,248,257,238,54,252,320,134,172,355,164,244,187,248,256,True,False,474,312,0,0,2025-05-02 11:07:06.128153,4
True,212,141,210,139,186,131,189,147,271,140,317,136,297,128,295,144,209,258,284,256,246,253,246,255,238,53,249,319,134,171,354,164,244,186,246,254,True,False,474,309,0,0,2025-05-02 11:07:06.263903,4
True,212,140,210,137,187,130,189,145,271,139,316,135,296,127,294,143,208,257,284,254,245,252,245,253,239,52,247,318,135,169,353,164,244,185,246,252,True,False,462,307,0,0,2025-05-02 11:07:06.400506,4
True,213,139,210,136,187,129,190,145,271,138,317,134,297,127,295,142,209,257,284,254,246,251,246,253,239,52,248,317,135,169,353,163,244,184,246,252,True,False,458,304,0,0,2025-05-02 11:07:06.533856,4
True,213,139,210,136,187,129,190,145,271,138,317,134,297,127,295,142,209,257,284,254,246,251,246,253,239,51,249,317,134,168,353,163,243,184,246,252,True,False,458,303,0,0,2025-05-02 11:07:06.688731,4
True,212,140,209,137,186,129,189,145,270,138,316,134,296,127,294,142,208,256,283,254,244,252,245,253,238,52,248,318,133,168,353,163,243,185,245,252,True,False,468,307,0,0,2025-05-02 11:07:06.823540,4
True,211,140,209,137,185,130,188,145,270,139,316,134,296,127,294,143,207,256,284,254,244,252,245,253,237,52,248,316,133,167,354,161,243,184,245,252,True,False,469,312,0,0,2025-05-02 11:07:06.943027,4
True,212,139,209,137,186,129,189,145,270,138,315,134,295,127,293,142,207,256,284,254,245,252,245,253,237,53,248,315,133,166,352,161,242,184,245,252,True,False,467,312,0,0,2025-05-02 11:07:07.078820,4
True,212,139,209,137,186,128,189,144,270,139,315,135,295,128,293,143,208,256,283,254,244,252,245,254,238,53,248,312,133,164,351,161,242,182,245,253,True,False,470,310,0,0,2025-05-02 11:07:07.215444,4
True,213,140,210,137,187,129,190,145,271,139,316,135,296,128,294,143,209,256,283,254,245,251,245,253,239,53,248,313,134,164,353,161,243,183,246,252,True,False,472,308,0,0,2025-05-02 11:07:07.353910,4
True,213,140,211,137,187,129,190,145,272,139,317,136,297,128,295,143,209,256,284,254,246,252,246,254,240,53,249,314,135,165,354,162,244,183,246,253,True,False,470,306,0,0,2025-05-02 11:07:07.490322,4
True,213,139,210,136,187,129,190,144,271,138,317,135,297,127,295,143,209,256,284,254,245,251,246,253,239,52,249,316,134,167,354,163,244,184,246,252,True,False,470,306,0,0,2025-05-02 11:07:07.627115,4
True,212,138,210,135,187,127,189,143,271,138,317,134,297,126,295,142,207,254,282,253,244,250,244,251,240,51,246,317,133,167,353,163,243,184,244,250,True,False,467,309,0,0,2025-05-02 11:07:07.762995,4
True,211,138,209,135,186,127,188,143,270,137,315,133,295,126,293,142,208,255,283,253,244,250,244,252,237,51,248,313,134,164,352,160,243,182,245,251,True,False,466,306,0,0,2025-05-02 11:07:07.900737,4
True,211,138,208,135,185,128,188,143,269,137,314,134,294,127,292,141,207,253,283,253,243,250,244,253,236,53,248,310,134,162,352,158,243,181,245,251,True,False,463,306,0,0,2025-05-02 11:07:08.041636,4
True,210,137,207,134,184,128,187,141,268,137,313,134,294,127,291,141,203,249,279,252,239,248,240,252,236,54,244,310,132,158,351,157,241,182,241,250,True,False,452,301,0,0,2025-05-02 11:07:08.177381,4
True,209,136,207,134,183,127,186,141,267,136,313,133,293,126,291,141,201,248,279,250,239,247,239,251,236,53,243,309,132,158,351,157,241,181,240,249,True,False,452,300,0,0,2025-05-02 11:07:08.315258,4
True,209,136,207,133,184,126,187,140,267,136,313,133,293,126,291,140,203,248,278,251,239,247,239,252,235,53,244,309,132,157,351,156,241,181,240,249,True,False,456,300,0,0,2025-05-02 11:07:08.454037,4
True,210,137,207,135,184,128,187,142,267,136,313,132,293,125,291,140,207,249,280,250,242,247,242,250,234,53,248,305,133,158,351,154,242,179,243,248,True,False,463,303,0,0,2025-05-02 11:07:08.591686,4
True,210,137,207,134,184,126,187,142,267,136,313,131,293,124,291,140,207,252,281,251,242,248,243,251,234,53,247,307,132,161,351,155,241,180,244,249,True,False,476,311,0,0,2025-05-02 11:07:08.729509,4
True,211,137,208,134,185,126,188,142,268,136,314,132,294,125,292,140,206,254,280,253,242,249,243,253,237,52,246,314,133,163,352,160,242,183,243,251,True,False,475,320,0,0,2025-05-02 11:07:08.867274,4
True,215,137,212,134,189,126,191,143,272,137,317,133,298,126,295,142,211,256,286,254,248,252,248,254,241,52,250,315,136,163,353,160,244,183,248,253,True,False,477,314,0,0,2025-05-02 11:07:09.004934,4
True,219,140,216,137,193,129,196,145,276,138,321,135,301,127,300,143,213,255,288,254,250,252,251,254,244,53,253,317,140,167,356,163,248,185,250,253,True,False,499,321,0,0,2025-05-02 11:07:09.141610,4
True,221,140,219,137,196,129,198,145,278,139,324,136,304,128,302,144,215,256,290,255,252,252,252,254,248,53,253,314,139,165,359,163,249,183,252,253,True,False,535,334,0,0,2025-05-02 11:07:09.276653,4
True,223,140,221,137,198,129,200,145,281,140,326,136,307,128,304,144,216,257,291,256,254,253,254,256,251,53,255,315,142,164,361,163,251,184,253,254,True,False,539,333,0,0,2025-05-02 11:07:09.412898,4
True,226,141,223,138,200,130,202,146,284,141,329,138,310,130,307,146,220,258,294,257,256,254,257,256,254,54,257,314,143,163,364,163,253,184,257,255,True,False,539,324,0,0,2025-05-02 11:07:09.552108,4
True,226,142,224,139,201,131,203,146,285,142,331,139,311,132,308,146,220,258,295,258,257,255,258,257,255,56,258,314,143,163,365,163,254,185,257,256,True,True,195,325,537,328,0,0,2025-05-02 11:07:09.704689,4
True,227,142,225,139,201,130,204,146,286,142,331,139,312,132,309,147,221,258,294,258,258,255,258,257,257,55,258,314,144,162,364,164,254,184,257,256,True,True,200,332,536,329,0,0,2025-05-02 11:07:09.838332,4
True,228,142,226,139,203,130,205,146,287,143,333,140,314,132,311,148,221,259,296,259,259,256,259,258,258,56,259,316,146,163,367,165,256,186,258,257,True,True,193,343,535,330,0,0,2025-05-02 11:07:09.972090,4
True,228,142,226,139,202,131,205,147,288,143,334,141,314,133,311,148,221,260,297,260,259,257,259,259,258,55,259,318,146,165,367,167,256,186,259,258,True,True,193,358,532,328,0,0,2025-05-02 11:07:10.106816,4
True,229,143,226,140,203,132,205,147,288,143,334,141,314,133,311,148,222,260,297,260,259,257,259,258,259,56,259,319,147,165,367,167,257,187,259,257,True,True,198,357,531,328,0,0,2025-05-02 11:07:10.239566,4
True,229,143,226,140,203,131,205,147,288,144,334,141,314,133,312,148,222,260,297,260,259,257,260,258,259,56,259,319,147,165,367,167,257,187,259,257,True,True,197,357,530,327,0,0,2025-05-02 11:07:10.373136,4
True,228,143,226,140,202,131,205,147,288,143,334,141,314,133,311,148,221,260,297,260,259,257,259,258,258,55,259,318,147,165,367,167,257,186,259,257,True,True,197,357,529,327,0,0,2025-05-02 11:07:10.505900,4
True,228,143,225,140,202,132,204,147,287,143,333,141,314,133,311,148,221,260,296,259,259,256,259,258,258,55,259,318,146,165,366,167,256,186,258,257,True,True,198,357,529,328,0,0,2025-05-02 11:07:10.639563,4
True,228,143,225,140,202,132,205,147,287,143,333,140,313,133,310,148,221,260,297,259,258,257,258,258,257,55,259,318,147,165,367,166,257,186,259,257,True,True,198,357,529,328,0,0,2025-05-02 11:07:10.773262,4
True,228,143,225,140,202,131,205,147,287,143,333,141,313,133,310,148,221,260,296,259,258,257,259,258,258,56,258,318,146,165,366,167,256,187,258,257,True,True,198,356,528,327,0,0,2025-05-02 11:07:10.925900,4
True,228,143,225,140,202,131,205,147,287,143,332,141,313,133,310,148,221,260,297,260,259,257,259,258,258,55,259,318,146,165,365,168,255,186,259,257,True,True,199,350,527,327,0,0,2025-05-02 11:07:11.059553,4
True,228,142,226,139,202,131,205,147,287,143,333,140,313,133,311,148,221,259,297,259,259,256,259,258,258,55,259,317,146,164,366,166,256,186,259,257,True,True,191,350,527,328,0,0,2025-05-02 11:07:11.193462,4
True,227,142,225,139,202,131,204,146,287,142,333,139,313,132,310,147,221,260,296,259,259,256,259,258,257,55,259,316,146,164,365,164,255,185,258,257,True,True,189,351,526,328,0,0,2025-05-02 11:07:11.325578,4
True,228,142,225,139,202,131,204,147,287,143,333,140,313,132,310,147,221,259,296,259,258,256,259,258,257,55,259,316,146,164,366,165,256,185,258,257,True,True,193,349,526,328,0,0,2025-05-02 11:07:11.459097,4
True,228,142,225,139,202,131,205,146,287,142,332,140,313,132,310,147,221,259,296,259,258,256,259,258,258,55,259,316,146,164,366,165,256,185,258,257,True,True,196,346,524,327,0,0,2025-05-02 11:07:11.591518,4
True,227,142,225,139,201,131,204,146,286,142,332,139,313,132,310,147,221,259,296,259,258,256,258,258,257,55,259,315,145,163,366,164,255,185,258,257,True,True,198,345,523,327,0,0,2025-05-02 11:07:11.729452,4
True,226,142,223,139,200,131,202,146,285,142,330,139,311,132,308,147,219,259,294,258,257,255,257,257,255,55,258,317,143,165,365,166,254,186,256,256,True,True,198,350,523,329,0,0,2025-05-02 11:07:11.862336,4
True,226,141,223,138,200,130,203,146,285,142,331,139,311,131,308,147,219,258,295,258,257,255,257,257,255,54,258,317,144,165,364,166,254,185,257,256,True,True,197,352,523,330,0,0,2025-05-02 11:07:11.993794,4
True,226,142,223,139,200,130,202,146,285,142,331,139,311,131,309,147,220,259,295,258,257,255,257,257,255,54,258,316,145,165,365,165,255,185,257,256,True,True,195,354,524,331,0,0,2025-05-02 11:07:12.127577,4
True,225,142,222,139,199,132,202,147,284,142,330,138,310,131,308,146,219,259,295,258,257,255,257,257,253,55,259,316,144,165,365,164,254,185,257,256,True,True,197,353,523,331,0,0,2025-05-02 11:07:12.260277,4
True,226,142,223,139,200,131,203,147,285,142,330,139,311,131,308,147,220,259,295,258,257,255,257,257,255,55,258,315,144,165,364,165,254,185,257,256,True,True,196,355,523,330,0,0,2025-05-02 11:07:12.413841,4
True,226,142,223,139,200,131,203,147,285,142,331,139,311,132,308,147,219,259,295,258,257,255,257,257,255,54,258,316,145,165,365,165,255,185,257,256,True,True,197,354,524,331,0,0,2025-05-02 11:07:12.544671,4
True,225,142,223,139,199,131,202,146,285,142,331,138,311,131,308,146,219,258,295,257,257,255,257,257,254,54,258,316,144,165,365,164,254,185,257,256,True,True,197,354,524,330,0,0,2025-05-02 11:07:12.676435,4
True,225,142,222,139,199,131,202,147,284,142,330,139,310,131,308,147,219,259,295,258,257,255,257,257,254,55,258,316,144,165,364,165,254,185,257,256,True,True,198,355,522,329,0,0,2025-05-02 11:07:12.808184,4
True,226,141,223,139,200,131,203,146,285,142,330,139,310,132,308,147,219,259,295,258,257,255,257,257,255,55,257,316,144,164,364,165,254,185,257,256,True,True,198,354,522,328,0,0,2025-05-02 11:07:12.942855,4
True,225,142,223,139,200,131,202,146,284,142,330,139,310,131,308,147,219,259,295,258,257,255,257,257,254,54,257,316,144,165,364,166,254,185,257,256,True,True,199,355,523,329,0,0,2025-05-02 11:07:13.075466,4
True,224,141,222,139,199,131,201,146,284,141,330,138,310,131,308,146,218,258,295,258,256,255,256,257,253,54,257,316,144,165,364,164,254,185,256,256,True,True,198,354,522,328,0,0,2025-05-02 11:07:13.208109,4
True,225,141,222,139,199,131,201,146,283,142,329,139,309,131,307,146,219,258,294,257,256,254,256,256,253,54,257,315,144,165,364,165,254,184,256,255,True,True,198,356,521,328,0,0,2025-05-02 11:07:13.341250,4
True,225,141,222,138,199,131,202,146,284,141,329,138,309,131,307,146,218,258,294,257,256,254,256,256,253,54,257,315,144,164,364,164,254,184,256,255,True,True,199,355,522,328,0,0,2025-05-02 11:07:13.475382,4
True,225,141,222,138,199,131,202,146,284,141,330,138,310,131,307,146,219,258,295,257,257,255,257,257,254,54,258,315,143,164,364,164,253,184,257,256,True,True,199,355,521,329,0,0,2025-05-02 11:07:13.606777,4
True,225,141,222,138,199,131,202,146,284,141,330,138,310,131,307,146,219,258,295,257,256,254,257,256,254,54,257,315,144,165,364,165,254,184,257,255,True,True,198,356,521,329,0,0,2025-05-02 11:07:13.741881,4
True,225,141,223,139,199,131,202,146,284,141,330,138,310,131,308,146,219,258,294,257,256,254,257,256,254,54,258,315,144,165,364,164,254,184,256,255,True,True,198,355,520,328,0,0,2025-05-02 11:07:13.874643,4
True,225,141,223,138,199,131,202,146,284,141,330,138,310,131,308,146,220,258,295,257,257,254,257,256,254,54,258,315,144,165,364,164,254,184,257,255,True,True,199,355,521,329,0,0,2025-05-02 11:07:14.010296,4
True,225,141,222,138,199,131,201,146,284,141,330,138,310,131,307,146,219,258,294,257,256,254,257,256,253,54,258,314,144,164,364,163,254,184,256,255,True,True,199,355,520,328,0,0,2025-05-02 11:07:14.142659,4
True,225,141,222,139,199,131,202,146,283,141,329,138,309,131,307,146,219,258,295,257,257,254,257,256,253,55,258,314,143,165,364,164,253,184,257,255,True,True,200,356,520,329,0,0,2025-05-02 11:07:14.277359,4
True,225,145,223,143,201,138,204,150,283,144,327,142,307,136,305,148,219,258,294,257,257,254,257,256,253,60,258,315,144,171,362,167,253,187,256,255,True,True,200,357,519,328,0,0,2025-05-02 11:07:14.411000,4
True,225,142,222,139,199,131,202,146,282,142,327,139,307,132,305,146,218,257,293,257,255,254,256,255,252,56,256,314,143,166,360,165,251,185,255,254,True,True,198,356,519,328,0,0,2025-05-02 11:07:14.543828,4
True,224,141,221,138,198,130,201,146,282,141,328,138,308,130,306,145,219,258,293,257,256,254,256,256,252,54,257,315,143,165,362,163,252,184,256,255,True,True,198,357,520,329,0,0,2025-05-02 11:07:14.675532,4
True,224,141,221,138,198,130,201,146,283,141,329,137,309,130,306,145,218,258,294,257,255,254,256,256,252,54,257,315,143,164,364,163,253,184,256,255,True,True,197,357,520,330,0,0,2025-05-02 11:07:14.808156,4
True,224,141,221,138,198,130,201,145,283,140,328,137,309,130,306,145,218,258,294,257,256,254,256,256,252,54,257,314,143,164,363,162,253,184,256,255,True,True,198,356,520,329,0,0,2025-05-02 11:07:14.940562,4
True,223,141,221,138,197,130,200,146,283,141,329,137,309,130,306,145,218,258,293,257,255,254,255,256,252,53,257,314,143,164,363,163,253,183,255,255,True,True,197,355,520,330,0,0,2025-05-02 11:07:15.074232,4
True,223,141,220,138,197,130,200,146,282,141,328,137,308,130,305,145,217,258,293,257,255,254,255,256,251,54,257,314,142,165,363,163,252,184,255,255,True,True,198,356,520,329,0,0,2025-05-02 11:07:15.206927,4
True,223,141,221,138,197,130,200,146,282,140,328,137,308,130,305,145,218,259,293,257,255,254,255,256,251,54,257,315,142,165,363,163,252,184,255,255,True,True,199,356,520,331,0,0,2025-05-02 11:07:15.340616,4
True,223,141,221,138,197,131,200,146,282,141,328,137,308,130,306,145,218,258,293,257,255,254,255,256,251,54,257,315,143,165,363,163,253,184,255,255,True,True,200,356,519,331,0,0,2025-05-02 11:07:15.477265,4
True,224,141,221,139,198,131,201,146,282,141,328,138,308,130,306,145,219,258,293,257,256,254,256,256,251,54,258,314,142,165,363,163,252,184,256,255,True,True,197,358,519,329,0,0,2025-05-02 11:07:15.610346,4
True,224,141,221,138,198,131,200,146,282,141,328,138,308,131,306,146,219,258,293,257,256,255,256,256,252,55,257,315,142,165,363,164,252,185,256,255,True,True,197,358,520,330,0,0,2025-05-02 11:07:15.757919,4
True,223,141,221,139,197,131,200,146,283,141,329,138,309,131,306,146,218,259,294,257,255,255,256,257,252,54,257,315,143,165,363,164,253,184,256,256,True,True,197,357,520,330,0,0,2025-05-02 11:07:15.898483,4
True,223,141,221,139,197,131,200,146,282,141,329,138,308,131,306,146,218,259,294,257,255,255,256,257,252,55,257,315,143,165,363,163,253,185,256,256,True,True,197,357,520,330,0,0,2025-05-02 11:07:16.031869,4
True,223,141,220,139,197,131,200,146,282,141,328,138,308,131,305,146,218,259,293,257,255,255,256,257,251,55,257,315,142,165,362,164,252,185,255,256,True,True,199,356,519,330,0,0,2025-05-02 11:07:16.164643,4
True,223,141,220,139,198,131,200,146,282,141,328,138,308,131,305,146,218,259,293,257,255,254,255,256,251,54,256,315,143,165,363,164,253,184,255,255,True,True,198,359,519,328,0,0,2025-05-02 11:07:16.295571,4
True,199,207,197,202,168,176,163,201,283,241,349,263,326,240,313,261,119,374,232,416,178,392,177,394,294,97,141,481,65,195,377,319,221,289,175,393,False,False,0,0,2025-05-02 14:20:04.351975,4
True,200,208,198,202,169,176,163,202,283,243,350,266,327,243,313,265,117,371,230,416,175,390,175,392,296,100,137,479,67,195,376,325,221,289,173,391,False,False,0,0,2025-05-02 14:20:04.473266,4
True,200,208,198,202,170,176,164,201,283,243,350,267,327,244,313,265,113,367,223,415,170,388,169,391,297,102,130,477,70,193,376,326,223,289,168,389,False,False,0,0,2025-05-02 14:20:04.608256,4
True,201,208,199,202,172,175,165,200,284,245,350,271,327,247,314,268,111,366,222,417,168,389,167,391,300,102,128,478,72,192,375,332,223,290,166,390,False,False,0,0,2025-05-02 14:20:04.728306,4
True,202,208,200,202,173,176,166,200,284,245,350,270,328,246,314,267,113,367,223,417,170,389,169,391,300,103,130,478,72,192,376,330,224,290,168,390,False,False,0,0,2025-05-02 14:20:04.832303,4
True,197,206,195,201,166,177,161,199,281,242,347,267,323,244,311,264,112,365,224,413,170,386,169,389,293,99,131,476,66,194,374,327,220,287,168,387,False,False,0,0,2025-05-02 14:20:04.952837,4
True,181,201,179,196,149,177,146,197,268,229,336,249,309,229,300,247,113,367,229,402,172,379,171,382,264,89,142,476,55,206,374,309,214,282,171,380,False,False,0,0,2025-05-02 14:20:05.057759,4
True,158,193,156,188,125,170,123,193,245,212,315,224,287,206,278,227,104,365,225,390,163,373,162,376,228,69,144,475,39,213,368,286,203,272,164,374,False,False,0,0,2025-05-02 14:20:05.163435,4
True,140,197,137,193,104,178,105,201,229,206,302,209,271,194,264,217,105,374,223,387,160,376,160,379,194,66,155,478,28,227,364,262,196,272,164,377,False,False,0,0,2025-05-02 14:20:05.269172,4
True,132,199,128,194,95,181,97,204,220,204,293,204,262,190,256,214,101,374,216,384,155,375,154,377,182,66,153,476,21,233,358,256,189,271,158,376,False,False,0,0,2025-05-02 14:20:05.379988,4
True,128,198,124,194,91,181,93,204,216,202,289,202,258,188,252,212,98,373,213,384,152,375,151,378,176,66,152,474,20,233,354,252,187,270,155,376,False,False,0,0,2025-05-02 14:20:05.484521,4
True,127,202,124,198,91,188,93,209,217,204,289,203,257,190,253,213,100,375,214,384,153,374,153,378,174,72,155,476,21,242,353,254,187,274,157,376,False,False,0,0,2025-05-02 14:20:05.600394,4
True,131,200,127,196,93,183,95,206,222,203,294,203,263,189,258,213,102,374,217,385,156,375,156,378,180,70,157,475,22,236,352,253,187,272,159,376,False,False,0,0,2025-05-02 14:20:05.703720,4
True,133,200,129,196,96,184,97,205,223,205,296,206,265,193,259,215,103,375,218,386,158,376,157,379,185,71,156,475,22,235,354,256,188,273,160,377,False,False,0,0,2025-05-02 14:20:05.809792,4
True,136,202,132,197,99,185,101,207,225,206,298,207,267,193,261,216,103,377,221,388,159,377,159,381,186,74,159,478,25,237,356,258,190,276,162,379,False,False,0,0,2025-05-02 14:20:05.915508,4
True,139,203,136,199,102,186,104,208,229,209,302,211,271,197,265,220,104,376,222,389,161,378,161,381,193,74,158,478,25,236,358,263,191,276,163,379,False,False,0,0,2025-05-02 14:20:06.022191,4
True,146,199,142,194,108,178,109,203,236,210,308,214,279,197,271,222,106,374,223,391,163,379,162,381,205,71,155,477,27,226,362,267,194,274,164,380,False,False,0,0,2025-05-02 14:20:06.143288,4
True,149,203,146,198,112,182,113,206,240,215,314,221,284,204,276,228,105,375,223,395,163,381,162,384,212,78,151,480,31,226,365,273,198,279,164,382,False,False,0,0,2025-05-02 14:20:06.247459,4
True,156,203,153,198,120,180,120,204,246,220,318,229,290,211,280,234,106,375,223,399,164,383,163,386,224,81,149,480,33,221,367,283,200,280,164,384,False,False,0,0,2025-05-02 14:20:06.355288,4
True,164,201,161,196,129,176,127,200,252,224,323,238,296,219,285,240,104,373,220,404,162,385,161,387,241,83,139,480,37,210,368,295,202,281,162,386,False,False,0,0,2025-05-02 14:20:06.474803,4
True,172,204,169,199,139,176,135,200,258,232,328,251,302,229,291,251,100,370,211,410,156,386,155,390,258,91,127,478,46,203,366,310,206,284,155,388,False,False,0,0,2025-05-02 14:20:06.581239,4
True,181,204,179,198,150,172,144,197,266,240,334,264,310,240,297,261,99,368,208,414,154,388,153,391,277,96,118,475,55,192,368,323,211,285,153,389,False,False,0,0,2025-05-02 14:20:06.685514,4
True,191,211,189,206,161,179,155,203,274,249,341,275,318,251,304,271,101,370,210,421,156,393,155,396,290,107,117,480,64,193,370,334,217,293,155,394,False,False,0,0,2025-05-02 14:20:06.791397,4
True,199,220,197,215,169,189,163,212,280,259,345,285,323,262,309,281,108,376,215,426,163,399,163,401,299,119,123,482,70,195,371,339,220,300,161,400,False,False,0,0,2025-05-02 14:20:06.911113,4
True,205,227,203,221,176,194,170,218,286,267,350,294,328,271,314,289,110,382,218,434,166,406,165,408,308,128,123,487,77,197,372,345,224,307,164,407,False,False,0,0,2025-05-02 14:20:07.032205,4
True,212,227,210,222,184,194,177,218,291,268,355,294,334,271,319,290,117,380,224,433,172,406,172,408,314,130,130,485,83,197,377,347,230,307,170,407,False,False,0,0,2025-05-02 14:20:07.137137,4
True,220,229,218,223,192,196,185,219,298,269,360,295,340,272,325,290,124,378,231,432,180,405,179,406,322,134,135,482,90,196,379,345,234,308,177,405,False,False,0,0,2025-05-02 14:20:07.241810,4
True,237,231,235,226,210,198,203,221,312,272,372,298,353,276,338,294,142,377,244,430,196,403,196,404,341,139,150,475,109,194,386,344,247,307,193,403,False,False,0,0,2025-05-02 14:20:07.348316,4
True,249,230,247,225,224,197,216,220,321,272,378,299,360,277,345,294,153,372,249,424,205,397,204,399,352,144,158,467,124,192,391,344,257,305,201,398,False,False,0,0,2025-05-02 14:20:07.466069,4
True,260,229,259,224,236,197,229,218,330,272,385,300,367,278,353,294,162,364,258,420,214,392,213,393,363,146,165,463,134,190,393,347,263,304,210,392,False,False,0,0,2025-05-02 14:20:07.570997,4
True,274,233,273,228,252,201,244,221,338,278,389,307,374,285,360,300,173,365,262,421,223,392,223,394,377,158,171,458,150,190,393,352,271,308,217,393,False,False,0,0,2025-05-02 14:20:07.677030,4
True,286,242,285,237,265,209,256,230,350,287,400,316,386,294,370,309,184,370,269,425,232,398,231,399,390,170,179,459,166,195,403,358,284,314,226,398,False,False,0,0,2025-05-02 14:20:07.781336,4
True,291,244,290,239,270,211,261,231,354,289,404,319,390,297,375,312,189,371,274,427,237,399,237,400,394,174,184,460,169,194,406,360,287,317,231,399,False,False,0,0,2025-05-02 14:20:07.885104,4
True,298,253,298,248,278,220,270,240,360,297,409,326,395,305,380,319,196,377,280,432,243,406,243,406,401,186,189,464,179,202,409,365,294,325,238,406,False,False,0,0,2025-05-02 14:20:08.004355,4
True,297,259,297,254,279,225,269,246,357,304,404,333,392,312,376,326,191,381,272,437,237,410,236,411,401,195,182,466,180,204,404,372,292,330,231,410,False,False,0,0,2025-05-02 14:20:08.108892,4
True,285,269,284,264,266,235,255,255,344,315,391,345,379,323,363,338,181,387,261,443,226,416,226,417,390,206,173,470,169,214,389,382,279,338,221,416,False,False,0,0,2025-05-02 14:20:08.215339,4
True,275,271,274,266,255,237,245,258,334,317,382,347,369,325,354,340,171,390,251,445,217,419,217,419,379,209,164,472,158,214,381,383,269,340,211,419,False,False,0,0,2025-05-02 14:20:08.319145,4
True,267,273,266,268,248,239,238,260,326,319,373,349,361,327,345,342,164,392,243,447,209,420,209,421,371,211,156,474,151,217,372,385,261,342,203,420,False,False,0,0,2025-05-02 14:20:08.440056,4
True,263,275,263,270,245,241,234,262,322,320,369,348,357,327,341,342,163,394,241,447,208,422,208,423,367,212,155,474,146,216,369,382,257,343,202,422,False,False,0,0,2025-05-02 14:20:08.572999,4
True,268,272,267,267,249,238,239,259,327,316,374,344,362,323,346,338,167,393,247,446,213,420,213,421,369,209,160,474,149,216,372,379,260,341,207,420,False,False,0,0,2025-05-02 14:20:08.677588,4
True,277,269,276,264,259,235,249,256,334,312,380,340,369,319,353,334,174,386,253,441,220,414,219,415,379,205,167,467,158,214,379,379,268,336,213,414,False,False,0,0,2025-05-02 14:20:08.797852,4
True,283,268,283,263,265,235,256,255,340,312,386,341,374,320,358,334,179,385,257,440,224,413,223,415,385,206,170,468,165,213,383,380,274,337,218,414,False,False,0,0,2025-05-02 14:20:08.902615,4
True,289,268,289,263,272,234,262,254,345,313,389,343,378,322,362,336,183,384,259,440,227,413,227,414,392,209,171,466,171,209,387,382,279,337,221,413,False,False,0,0,2025-05-02 14:20:09.007105,4
True,290,264,290,259,272,231,262,250,346,312,390,343,378,322,363,334,184,380,260,437,229,410,228,411,395,207,172,462,171,203,387,380,279,334,222,410,False,False,0,0,2025-05-02 14:20:09.126539,4
True,290,263,289,258,272,230,262,249,345,311,389,342,378,321,363,334,183,378,259,436,227,408,227,409,395,205,170,461,170,201,386,381,278,333,221,408,False,False,0,0,2025-05-02 14:20:09.261538,4
True,292,264,292,259,275,231,265,250,347,311,391,343,380,321,365,334,184,381,261,438,229,411,229,411,397,207,171,463,172,202,387,381,279,335,222,411,False,False,0,0,2025-05-02 14:20:09.397302,4
True,295,267,294,262,278,233,268,252,349,315,392,346,381,325,366,338,185,382,261,441,230,412,230,413,401,210,171,464,176,203,387,384,281,337,223,412,False,False,0,0,2025-05-02 14:20:09.532423,4
True,295,267,295,262,278,233,268,252,349,314,392,345,382,324,366,337,185,383,261,441,230,412,230,413,401,209,171,465,174,202,388,384,281,337,223,412,False,False,0,0,2025-05-02 14:20:09.667510,4
True,294,266,294,261,277,232,267,251,349,314,392,346,381,325,366,338,185,383,261,441,230,413,230,414,401,209,171,465,173,201,388,385,280,337,223,413,False,False,0,0,2025-05-02 14:20:09.800267,4
True,294,265,294,260,277,230,267,250,350,313,394,345,383,323,367,336,184,382,261,440,230,413,230,413,401,208,171,465,173,200,389,381,281,336,222,413,False,False,0,0,2025-05-02 14:20:09.949059,4
True,293,264,292,259,276,229,265,250,348,311,394,341,383,319,366,334,184,382,262,439,230,412,230,413,400,203,172,464,170,200,390,379,280,333,223,412,False,False,0,0,2025-05-02 14:20:10.084903,4
True,290,263,290,257,272,228,262,249,347,308,392,337,381,316,365,331,182,382,261,438,229,412,228,413,396,200,172,465,167,200,388,373,277,332,221,412,False,False,0,0,2025-05-02 14:20:10.219832,4
True,289,263,288,257,270,229,261,249,346,308,392,336,380,315,364,330,182,382,261,438,229,412,228,413,393,200,171,467,166,202,387,372,276,333,221,412,False,False,0,0,2025-05-02 14:20:10.353499,4
True,288,263,288,257,270,228,260,249,346,308,392,337,381,316,365,330,181,383,261,439,228,413,227,414,394,200,172,466,168,202,389,373,278,333,221,413,False,False,0,0,2025-05-02 14:20:10.473522,4
True,288,263,288,257,270,228,260,249,346,308,392,336,381,315,365,330,182,383,261,439,228,413,228,414,394,199,172,466,167,202,388,371,277,332,221,413,False,False,0,0,2025-05-02 14:20:10.608922,4
True,288,263,287,258,269,229,259,250,345,307,392,336,380,315,364,329,182,384,262,439,228,413,228,414,392,199,172,468,165,203,388,371,276,333,222,413,False,False,0,0,2025-05-02 14:20:10.742158,4
True,288,263,287,257,270,229,260,249,346,308,393,337,381,316,365,330,180,383,259,439,226,412,225,414,393,200,171,465,170,205,389,374,279,332,219,413,False,False,0,0,2025-05-02 14:20:10.876502,4
True,287,262,287,256,269,226,259,248,346,307,393,336,382,314,365,329,181,384,259,439,226,413,226,414,394,198,171,466,167,201,390,370,278,332,220,413,False,False,0,0,2025-05-02 14:20:11.012738,4
True,286,261,286,256,268,226,258,248,345,307,393,336,381,314,364,329,180,384,259,438,226,412,225,414,393,197,170,465,166,201,390,371,278,331,219,413,False,False,0,0,2025-05-02 14:20:11.132323,4
True,286,262,285,256,267,226,257,248,345,307,392,335,381,314,364,329,180,384,260,439,227,414,226,414,392,196,171,467,163,200,389,370,276,331,220,414,False,False,0,0,2025-05-02 14:20:11.251944,4
True,285,263,285,257,267,227,257,249,345,308,392,336,380,314,364,330,179,384,260,439,226,414,226,415,392,197,170,467,163,201,389,370,276,332,219,414,False,False,0,0,2025-05-02 14:20:11.413936,4
True,286,264,285,259,267,229,257,251,345,309,392,338,380,316,364,332,180,386,259,441,226,415,225,416,392,200,170,467,165,204,388,372,276,333,219,415,False,False,0,0,2025-05-02 14:20:11.548809,4
True,286,265,286,260,268,230,258,252,345,310,392,339,380,317,364,333,181,387,261,442,227,416,227,416,392,201,173,468,167,206,389,373,278,334,221,416,False,False,0,0,2025-05-02 14:20:11.652874,4
True,287,265,287,260,269,230,258,252,345,310,393,339,381,317,364,333,181,387,261,442,227,416,228,416,393,200,173,468,167,206,390,374,278,334,221,416,False,False,0,0,2025-05-02 14:20:11.758005,4
True,288,265,288,260,270,230,259,252,346,310,394,338,382,317,365,333,182,386,262,442,228,416,229,415,393,200,174,468,167,206,390,374,278,334,222,415,False,False,0,0,2025-05-02 14:20:11.877200,4
True,289,265,289,259,271,229,260,251,347,310,394,339,383,317,366,332,184,386,264,442,230,416,230,416,394,201,174,468,168,205,391,374,279,334,224,416,False,False,0,0,2025-05-02 14:20:11.982763,4
True,288,265,288,259,270,229,259,251,347,310,395,339,383,316,366,333,184,387,263,442,229,415,230,415,394,200,175,468,169,206,392,375,280,334,223,415,False,False,0,0,2025-05-02 14:20:12.131859,4
True,288,265,288,259,270,229,259,251,347,310,394,339,383,317,366,333,183,387,262,442,229,416,229,416,394,201,174,468,169,206,391,374,280,334,222,416,False,False,0,0,2025-05-02 14:20:12.236839,4
True,289,264,288,259,270,229,260,251,347,309,395,338,383,316,366,332,184,387,262,441,229,415,229,416,395,200,174,468,169,204,391,372,280,334,223,415,False,False,0,0,2025-05-02 14:20:12.370030,4
True,289,264,288,258,270,228,260,250,348,309,396,337,384,315,367,331,184,385,263,440,230,414,229,415,394,199,175,468,169,204,393,372,281,333,223,414,False,False,0,0,2025-05-02 14:20:12.503943,4
True,289,264,289,259,271,229,260,251,348,309,395,338,383,316,366,332,184,386,263,441,230,415,230,415,395,200,175,467,169,205,391,373,280,333,223,415,False,False,0,0,2025-05-02 14:20:12.667689,4
True,289,264,289,258,271,229,260,250,348,308,395,336,383,314,367,330,183,386,263,440,229,415,229,415,395,198,175,467,169,204,392,370,280,332,223,415,False,False,0,0,2025-05-02 14:20:12.801172,4
True,289,263,289,257,271,227,261,249,348,308,396,336,384,315,367,330,184,385,263,440,230,414,230,414,395,198,175,467,170,204,393,372,281,332,223,414,False,False,0,0,2025-05-02 14:20:12.920877,4
True,289,263,288,258,270,228,260,250,347,308,395,336,383,314,366,330,184,386,262,439,229,414,229,414,394,198,175,466,169,204,391,371,280,332,223,414,False,False,0,0,2025-05-02 14:20:13.040093,4
True,288,263,288,257,270,228,260,249,348,307,395,335,383,314,367,329,184,385,263,440,230,414,229,415,394,197,175,468,168,204,391,370,279,332,223,414,False,False,0,0,2025-05-02 14:20:13.189463,4
True,289,263,288,257,270,227,260,249,349,308,396,336,385,314,368,330,184,386,264,440,231,414,230,415,395,197,176,468,167,203,393,370,280,332,224,414,False,False,0,0,2025-05-02 14:20:13.337272,4
True,288,262,288,256,270,226,260,248,348,306,396,335,384,313,367,329,183,385,264,440,230,414,229,415,394,196,176,467,168,202,394,369,281,331,223,414,False,False,0,0,2025-05-02 14:20:13.458966,4
True,289,263,288,258,270,229,260,250,348,308,396,336,384,314,367,330,184,386,264,440,231,415,230,415,394,198,176,468,168,204,393,371,280,333,224,415,False,False,0,0,2025-05-02 14:20:13.562362,4
True,289,264,289,258,271,229,261,250,348,308,395,336,384,315,367,330,185,386,264,441,230,415,230,416,394,199,176,468,169,205,393,372,281,333,224,415,False,False,0,0,2025-05-02 14:20:13.682262,4
True,289,264,288,259,270,229,260,251,347,309,395,337,383,315,367,331,184,386,264,441,230,415,230,415,393,199,176,468,168,207,391,373,279,333,224,415,False,False,0,0,2025-05-02 14:20:13.785919,4
True,287,264,286,259,269,229,258,251,345,308,392,336,380,315,364,330,183,386,262,440,228,414,228,415,392,198,174,468,167,205,389,372,278,333,222,414,False,False,0,0,2025-05-02 14:20:13.921796,4
True,285,263,284,258,266,229,256,250,344,307,392,335,379,314,363,329,181,386,261,440,227,415,227,416,389,197,174,468,165,206,390,371,277,332,221,415,False,False,0,0,2025-05-02 14:20:14.026312,4
True,284,263,283,258,265,228,255,250,344,307,392,335,380,313,363,329,181,387,261,440,227,415,227,416,388,196,174,469,164,206,390,370,277,332,221,415,False,False,0,0,2025-05-02 14:20:14.130416,4
True,283,262,283,257,264,228,255,249,343,306,391,334,379,313,363,328,180,386,260,440,226,414,226,415,388,195,173,468,164,206,390,370,277,331,220,414,False,False,0,0,2025-05-02 14:20:14.235858,4
True,282,262,282,257,264,228,254,249,342,306,389,333,377,312,361,327,179,385,259,439,225,413,224,415,386,195,172,468,163,206,388,370,275,331,219,414,False,False,0,0,2025-05-02 14:20:14.370032,4
True,281,261,281,256,262,228,253,248,341,305,389,333,376,312,360,327,177,385,258,440,224,413,223,414,384,195,171,469,162,207,388,371,275,332,217,413,False,False,0,0,2025-05-02 14:20:14.508398,4
True,280,262,280,257,261,228,252,249,340,306,387,334,375,312,359,327,177,384,258,439,224,413,223,414,383,196,171,468,160,207,386,370,273,332,217,413,False,False,0,0,2025-05-02 14:20:14.642885,4
True,281,262,281,257,262,228,253,249,341,306,389,335,376,313,360,328,177,384,258,439,223,413,223,414,385,196,170,468,161,206,387,371,274,332,217,413,False,False,0,0,2025-05-02 14:20:14.762827,4
True,282,262,282,257,263,228,253,249,342,306,390,334,378,313,362,328,179,385,258,439,224,414,224,415,386,195,171,468,163,206,388,370,275,331,218,414,False,False,0,0,2025-05-02 14:20:14.897273,4
True,283,262,283,257,264,227,254,249,343,307,391,335,379,313,362,329,180,386,259,440,225,414,225,415,388,196,172,468,162,204,387,370,274,332,219,414,False,False,0,0,2025-05-02 14:20:15.031378,4
True,283,263,283,257,264,227,254,249,343,307,391,334,379,312,362,328,180,386,260,440,226,415,226,415,387,195,173,469,163,205,388,369,275,332,220,415,False,False,0,0,2025-05-02 14:20:15.165787,4
True,283,263,282,257,264,227,254,250,343,307,391,335,379,313,362,329,179,386,259,441,225,415,225,415,388,196,172,469,162,205,388,370,275,332,219,415,False,False,0,0,2025-05-02 14:20:15.314123,4
True,282,264,282,258,263,228,253,251,342,307,391,335,379,313,362,329,180,387,259,440,225,415,225,415,387,196,172,469,162,206,388,370,275,332,219,415,False,False,0,0,2025-05-02 14:20:15.433889,4
True,283,262,283,257,264,227,255,249,343,306,391,334,379,312,362,328,180,386,259,440,225,414,225,415,388,195,172,469,163,204,388,369,275,332,219,414,False,False,0,0,2025-05-02 14:20:15.567979,4
True,283,263,283,258,265,228,255,250,343,308,392,335,379,314,363,330,180,386,259,440,226,415,225,416,388,197,172,469,163,206,388,370,275,333,219,415,False,False,0,0,2025-05-02 14:20:15.702709,4
True,283,262,283,257,264,227,254,249,343,306,391,334,379,312,362,328,180,386,260,440,226,414,226,415,388,195,173,469,162,205,389,369,275,332,220,414,False,False,0,0,2025-05-02 14:20:15.836541,4
True,284,262,284,257,266,227,256,249,344,306,392,334,380,312,364,328,182,386,261,440,227,414,227,415,389,196,174,469,164,205,390,370,277,332,221,414,False,False,0,0,2025-05-02 14:20:15.998325,4
True,286,262,285,257,267,228,257,250,346,306,394,334,382,312,366,328,183,386,264,440,230,415,229,415,390,195,176,469,164,205,392,369,278,332,223,415,False,False,0,0,2025-05-02 14:20:16.103433,4
True,286,262,286,256,268,227,257,249,346,306,394,333,382,312,365,328,182,386,263,440,229,413,228,415,391,194,176,468,166,206,392,370,279,331,222,414,False,False,0,0,2025-05-02 14:20:16.222463,4
True,287,262,286,257,268,227,258,249,346,306,394,334,382,313,365,328,183,386,263,440,229,414,229,415,391,196,175,468,166,205,391,370,278,332,223,414,False,False,0,0,2025-05-02 14:20:16.328146,4
